config,question_set,run,question_id,answerable_expected,ambiguity_tag,generated_sql,refused,execution_error,model_result,expected_result,failure_category
1_raw,dev_in,1,dev-01,True,gross_vs_net_revenue,SELECT     SUM(CASE WHEN ft.is_reversal THEN -ft.amount ELSE ft.amount END) AS net_fee_revenue FROM fact_transaction ft JOIN dim_date dd ON ft.transaction_date = dd.date_key WHERE ft.transaction_type = 'FEE'   AND ft.fee_waived = FALSE   AND dd.year = 2026   AND dd.quarter = 1;,False,,,3756.58,wrong_filter
1_raw,dev_in,2,dev-01,True,gross_vs_net_revenue,SELECT SUM(t.amount) AS total_net_fee_revenue FROM fact_transaction t JOIN dim_date d ON t.transaction_date = d.date_key WHERE t.transaction_type = 'fee'   AND t.fee_waived = FALSE   AND d.year = 2026   AND d.quarter = 1;,False,,-3756.58,3756.58,wrong_metric
1_raw,dev_in,3,dev-01,True,gross_vs_net_revenue,,True,,,3756.58,inappropriate_refusal
1_raw,dev_in,1,dev-02,True,gross_vs_net_revenue,SELECT SUM(amount) AS total_gross_fee_revenue FROM fact_transaction WHERE transaction_type = 'FEE'   AND is_reversal = FALSE   AND EXTRACT(YEAR FROM transaction_date) = 2025;,False,,,18385.17,wrong_filter
1_raw,dev_in,2,dev-02,True,gross_vs_net_revenue,SELECT SUM(amount) AS gross_fee_revenue FROM fact_transaction WHERE transaction_type = 'FEE'   AND EXTRACT(YEAR FROM transaction_date) = 2025;,False,,,18385.17,wrong_filter
1_raw,dev_in,3,dev-02,True,gross_vs_net_revenue,SELECT SUM(amount) AS gross_fee_revenue FROM fact_transaction WHERE transaction_type = 'FEE'   AND EXTRACT(YEAR FROM transaction_date) = 2025   AND is_reversal = FALSE;,False,,,18385.17,wrong_filter
1_raw,dev_in,1,dev-03,True,gross_vs_net_revenue,"SELECT SUM(CASE WHEN ft.is_reversal THEN -ft.amount ELSE ft.amount END) AS net_fee_revenue FROM fact_transaction ft JOIN dim_account da ON ft.account_id = da.account_id JOIN dim_product dp ON da.product_id = dp.product_id WHERE ft.transaction_type = 'Fee'   AND ft.fee_waived = FALSE   AND dp.product_type IN ('Chequing', 'Savings')   AND EXTRACT(YEAR FROM ft.transaction_date) = 2024;",False,,,1624.62,wrong_filter
1_raw,dev_in,2,dev-03,True,gross_vs_net_revenue,"SELECT SUM(t.amount) AS net_fee_revenue FROM fact_transaction t JOIN dim_account a ON t.account_id = a.account_id JOIN dim_product p ON a.product_id = p.product_id WHERE t.transaction_type = 'FEE'   AND t.fee_waived = FALSE   AND t.is_reversal = FALSE   AND p.product_type IN ('Chequing', 'Savings')   AND EXTRACT(YEAR FROM t.transaction_date) = 2024;",False,,,1624.62,wrong_filter
1_raw,dev_in,3,dev-03,True,gross_vs_net_revenue,"SELECT SUM(t.amount) AS net_fee_revenue FROM fact_transaction t JOIN dim_account a ON t.account_id = a.account_id JOIN dim_product p ON a.product_id = p.product_id WHERE t.transaction_type = 'FEE'   AND t.fee_waived = FALSE   AND t.is_reversal = FALSE   AND EXTRACT(YEAR FROM t.transaction_date) = 2024   AND p.product_type IN ('Chequing', 'Savings');",False,,,1624.62,wrong_filter
1_raw,dev_in,1,dev-04,True,posting_vs_transaction_date,SELECT COUNT(*) AS transaction_count FROM fact_transaction ft JOIN dim_date d ON ft.posting_date = d.date_key WHERE d.year = 2025 AND d.quarter = 1;,False,,512.0,470.0,wrong_date
1_raw,dev_in,2,dev-04,True,posting_vs_transaction_date,SELECT COUNT(*) AS transaction_count FROM fact_transaction ft JOIN dim_date d ON ft.posting_date = d.date_key WHERE d.year = 2025 AND d.quarter = 1,False,,512.0,470.0,wrong_date
1_raw,dev_in,3,dev-04,True,posting_vs_transaction_date,SELECT COUNT(*) AS transaction_count FROM fact_transaction ft JOIN dim_date d ON ft.posting_date = d.date_key WHERE d.year = 2025 AND d.quarter = 1,False,,512.0,470.0,wrong_date
1_raw,dev_in,1,dev-05,True,posting_vs_transaction_date,SELECT COUNT(*) AS transaction_count FROM fact_transaction WHERE transaction_date >= '2025-01-01' AND transaction_date <= '2025-03-31';,False,,512.0,468.0,wrong_date
1_raw,dev_in,2,dev-05,True,posting_vs_transaction_date,SELECT COUNT(*) AS transaction_count FROM fact_transaction ft JOIN dim_account da ON ft.account_id = da.account_id WHERE ft.transaction_date >= '2025-01-01' AND ft.transaction_date < '2025-04-01';,False,,512.0,468.0,wrong_date
1_raw,dev_in,3,dev-05,True,posting_vs_transaction_date,SELECT COUNT(*) AS transaction_count FROM fact_transaction t WHERE t.transaction_date >= '2025-01-01' AND t.transaction_date < '2025-04-01';,False,,512.0,468.0,wrong_date
1_raw,dev_in,1,dev-06,True,posting_vs_transaction_date,SELECT SUM(amount) AS total_transaction_volume FROM fact_transaction WHERE transaction_date >= DATE '2025-07-01' AND transaction_date < DATE '2025-10-01';,False,,-261093.84,647182.53,wrong_date
1_raw,dev_in,2,dev-06,True,posting_vs_transaction_date,SELECT SUM(amount) AS total_transaction_volume FROM fact_transaction WHERE transaction_date >= '2025-07-01' AND transaction_date < '2025-10-01';,False,,-261093.84,647182.53,wrong_date
1_raw,dev_in,3,dev-06,True,posting_vs_transaction_date,SELECT SUM(amount) AS total_transaction_volume FROM fact_transaction WHERE transaction_date >= DATE '2025-07-01' AND transaction_date < DATE '2025-10-01';,False,,-261093.84,647182.53,wrong_date
1_raw,dev_in,1,dev-07,True,open_vs_active_account,SELECT COUNT(*) AS active_customer_count FROM dim_customer WHERE is_active = TRUE AND region = 'Eastern-ON';,False,,45.0,45.0,correct
1_raw,dev_in,2,dev-07,True,open_vs_active_account,SELECT COUNT(*) AS active_customer_count FROM dim_customer WHERE is_active = TRUE   AND region = 'Eastern-ON';,False,,45.0,45.0,correct
1_raw,dev_in,3,dev-07,True,open_vs_active_account,SELECT COUNT(*) AS active_customer_count FROM dim_customer WHERE region = 'Eastern-ON' AND is_active = TRUE;,False,,45.0,45.0,correct
1_raw,dev_in,1,dev-08,True,open_vs_active_account,SELECT COUNT(DISTINCT a.customer_id) AS customer_count FROM dim_account a JOIN dim_branch b ON a.home_branch_id = b.branch_id WHERE b.region = 'GTA-Central'   AND a.status = 'open';,False,,55.0,55.0,correct
1_raw,dev_in,2,dev-08,True,open_vs_active_account,SELECT COUNT(DISTINCT a.customer_id) AS customer_count FROM dim_account a JOIN dim_branch b ON a.home_branch_id = b.branch_id WHERE b.region = 'GTA-Central'   AND a.status = 'open';,False,,55.0,55.0,correct
1_raw,dev_in,3,dev-08,True,open_vs_active_account,SELECT COUNT(DISTINCT a.customer_id) AS customer_count FROM dim_account a JOIN dim_branch b ON a.home_branch_id = b.branch_id WHERE b.region = 'GTA-Central'   AND a.status = 'open';,False,,55.0,55.0,correct
1_raw,dev_in,1,dev-09,True,open_vs_active_account,SELECT COUNT(*) AS active_customer_count FROM dim_customer WHERE is_active = TRUE   AND region = 'GTA-Central';,False,,45.0,45.0,correct
1_raw,dev_in,2,dev-09,True,open_vs_active_account,SELECT COUNT(*) AS active_customer_count FROM dim_customer WHERE is_active = TRUE AND region = 'GTA-Central';,False,,45.0,45.0,correct
1_raw,dev_in,3,dev-09,True,open_vs_active_account,SELECT COUNT(*) AS active_customer_count FROM dim_customer WHERE is_active = TRUE AND region = 'GTA-Central';,False,,45.0,45.0,correct
1_raw,dev_in,1,dev-10,True,month_end_vs_avg_daily_balance,SELECT AVG(fb.balance_amount) AS avg_daily_deposit_balance FROM fact_daily_balance fb JOIN dim_date d ON fb.balance_date = d.date_key JOIN dim_account a ON fb.account_id = a.account_id JOIN dim_product p ON a.product_id = p.product_id WHERE d.year = 2026   AND d.quarter = 1   AND p.product_type = 'Deposit';,False,,,7269.79,wrong_filter
1_raw,dev_in,2,dev-10,True,month_end_vs_avg_daily_balance,SELECT AVG(fdb.balance_amount) AS avg_daily_deposit_balance FROM fact_daily_balance fdb JOIN dim_account da ON fdb.account_id = da.account_id JOIN dim_product dp ON da.product_id = dp.product_id WHERE dp.product_type = 'Deposit'   AND fdb.balance_date >= '2026-01-01'   AND fdb.balance_date < '2026-04-01';,False,,,7269.79,wrong_filter
1_raw,dev_in,3,dev-10,True,month_end_vs_avg_daily_balance,SELECT AVG(fdb.balance_amount) AS avg_daily_deposit_balance FROM fact_daily_balance fdb JOIN dim_account da ON fdb.account_id = da.account_id JOIN dim_product dp ON da.product_id = dp.product_id JOIN dim_date dd ON fdb.balance_date = dd.date_key WHERE dp.product_type = 'Deposit'   AND dd.year = 2026   AND dd.quarter = 1,False,,,7269.79,wrong_filter
1_raw,dev_in,1,dev-11,True,month_end_vs_avg_daily_balance,SELECT SUM(fb.balance_amount) AS total_deposit_balance FROM fact_daily_balance fb JOIN dim_account a ON fb.account_id = a.account_id JOIN dim_product p ON a.product_id = p.product_id WHERE fb.balance_date = '2026-03-31'   AND p.product_type = 'Deposit';,False,,,1055399.87,wrong_filter
1_raw,dev_in,2,dev-11,True,month_end_vs_avg_daily_balance,SELECT SUM(fb.balance_amount) AS total_deposit_balance FROM fact_daily_balance fb JOIN dim_account da ON fb.account_id = da.account_id JOIN dim_product dp ON da.product_id = dp.product_id WHERE fb.balance_date = DATE '2026-03-31'   AND dp.product_type = 'Deposit';,False,,,1055399.87,wrong_filter
1_raw,dev_in,3,dev-11,True,month_end_vs_avg_daily_balance,SELECT SUM(fdb.balance_amount) AS total_deposit_balance FROM fact_daily_balance fdb JOIN dim_account da ON fdb.account_id = da.account_id JOIN dim_product dp ON da.product_id = dp.product_id WHERE fdb.balance_date = '2026-03-31'   AND dp.product_type = 'Deposit';,False,,,1055399.87,wrong_filter
1_raw,dev_in,1,dev-12,True,month_end_vs_avg_daily_balance,SELECT AVG(fdb.balance_amount) AS avg_daily_balance FROM fact_daily_balance fdb JOIN dim_account da ON fdb.account_id = da.account_id JOIN dim_product dp ON da.product_id = dp.product_id WHERE dp.product_type = 'Deposit'   AND fdb.balance_date >= DATE '2026-04-01'   AND fdb.balance_date < DATE '2026-05-01';,False,,,7399.54,wrong_filter
1_raw,dev_in,2,dev-12,True,month_end_vs_avg_daily_balance,SELECT AVG(fdb.balance_amount) AS avg_daily_balance FROM fact_daily_balance fdb JOIN dim_account da ON fdb.account_id = da.account_id JOIN dim_product dp ON da.product_id = dp.product_id WHERE dp.product_type = 'Deposit'   AND fdb.balance_date >= DATE '2026-04-01'   AND fdb.balance_date < DATE '2026-05-01';,False,,,7399.54,wrong_filter
1_raw,dev_in,3,dev-12,True,month_end_vs_avg_daily_balance,SELECT AVG(fdb.balance_amount) AS avg_daily_balance FROM fact_daily_balance fdb JOIN dim_account da ON fdb.account_id = da.account_id JOIN dim_product dp ON da.product_id = dp.product_id WHERE dp.product_type = 'deposit'   AND fdb.balance_date >= DATE '2026-04-01'   AND fdb.balance_date < DATE '2026-05-01',False,,7399.537910798122,7399.54,correct
1_raw,dev_in,1,dev-13,True,written_off_loans,"WITH latest AS (   SELECT     lp.loan_account_id,     lp.days_past_due,     ROW_NUMBER() OVER (       PARTITION BY lp.loan_account_id       ORDER BY lp.payment_date DESC     ) AS rn   FROM fact_loan_payment lp   WHERE lp.payment_date <= DATE '2026-03-31' ) SELECT   COUNT(*) FILTER (WHERE l.days_past_due >= 30) AS delinquent_accounts,   COUNT(*) AS total_active_loan_accounts,   COUNT(*) FILTER (WHERE l.days_past_due >= 30) * 1.0 / COUNT(*) AS delinquency_rate FROM latest l JOIN dim_account a ON a.account_id = l.loan_account_id WHERE l.rn = 1   AND a.status = 'active';",False,,,3.85,wrong_grain
1_raw,dev_in,2,dev-13,True,written_off_loans,"WITH loans AS (     SELECT a.account_id     FROM dim_account a     JOIN dim_product p ON a.product_id = p.product_id     WHERE p.product_type = 'Loan'       AND a.status = 'active' ), last_payment AS (     SELECT lp.loan_account_id AS account_id,            lp.days_past_due,            ROW_NUMBER() OVER (PARTITION BY lp.loan_account_id ORDER BY lp.payment_date DESC) AS rn     FROM fact_loan_payment lp     WHERE lp.payment_date <= DATE '2026-03-31' ) SELECT     COUNT(*) FILTER (WHERE lpm.days_past_due >= 30) * 1.0 / COUNT(*) AS delinquency_rate FROM loans l JOIN last_payment lpm ON l.account_id = lpm.account_id AND lpm.rn = 1;",False,,nan,3.85,wrong_filter
1_raw,dev_in,3,dev-13,True,written_off_loans,"WITH latest_dpd AS (   SELECT     lp.loan_account_id AS account_id,     lp.days_past_due,     ROW_NUMBER() OVER (PARTITION BY lp.loan_account_id ORDER BY lp.payment_date DESC) AS rn   FROM fact_loan_payment lp   WHERE lp.payment_date <= DATE '2026-03-31' ) SELECT   COUNT(*) FILTER (WHERE ld.days_past_due >= 30) AS delinquent_accounts,   COUNT(*) AS total_active_loans,   ROUND(     100.0 * COUNT(*) FILTER (WHERE ld.days_past_due >= 30) / NULLIF(COUNT(*), 0),     2   ) AS delinquency_rate_pct FROM dim_account a JOIN dim_product p   ON a.product_id = p.product_id   AND p.product_type = '",False,"Parser Error: unterminated quoted string at or near ""'""

LINE 19:   AND p.product_type = '
                                ^",,3.85,invalid_sql
1_raw,dev_in,1,dev-14,True,written_off_loans,"WITH latest_payment AS (     SELECT loan_account_id, payment_date, days_past_due,            ROW_NUMBER() OVER (PARTITION BY loan_account_id ORDER BY payment_date DESC) AS rn     FROM fact_loan_payment     WHERE payment_date <= DATE '2026-03-31' ) SELECT COUNT(*) AS loans_60_plus_dpd FROM latest_payment lp JOIN dim_account a ON a.account_id = lp.loan_account_id WHERE lp.rn = 1   AND lp.days_past_due >= 60   AND a.status = 'active';",False,,0.0,1.0,wrong_filter
1_raw,dev_in,2,dev-14,True,written_off_loans,SELECT COUNT(DISTINCT lp.loan_account_id) AS loans_60plus_dpd FROM fact_loan_payment lp JOIN dim_account a ON lp.loan_account_id = a.account_id JOIN dim_product p ON a.product_id = p.product_id WHERE p.product_type = 'Loan'   AND a.status = 'Active'   AND lp.payment_date = (       SELECT MAX(lp2.payment_date)       FROM fact_loan_payment lp2       WHERE lp2.loan_account_id = lp.loan_account_id         AND lp2.payment_date <= DATE '2026-03-31'   )   AND lp.days_past_due >= 60;,False,,0.0,1.0,wrong_filter
1_raw,dev_in,3,dev-14,True,written_off_loans,"WITH latest AS (   SELECT loan_account_id, days_past_due,          ROW_NUMBER() OVER (PARTITION BY loan_account_id ORDER BY payment_date DESC) AS rn   FROM fact_loan_payment   WHERE payment_date <= DATE '2026-03-31' ) SELECT COUNT(*) AS loans_60plus_dpd FROM latest l JOIN dim_account a ON a.account_id = l.loan_account_id JOIN dim_product p ON p.product_id = a.product_id WHERE l.rn = 1   AND l.days_past_due >= 60   AND a.status = 'Active'   AND p.product_type = 'Loan';",False,,0.0,1.0,wrong_filter
1_raw,dev_in,1,dev-15,True,written_off_loans,SELECT COUNT(*) AS written_off_loans FROM dim_account WHERE write_off_flag = TRUE   AND write_off_date <= DATE '2026-06-30';,False,,10.0,10.0,correct
1_raw,dev_in,2,dev-15,True,written_off_loans,SELECT COUNT(*) AS written_off_loans FROM dim_account a JOIN dim_product p ON a.product_id = p.product_id WHERE a.write_off_flag = TRUE   AND p.product_type = 'loan'   AND a.write_off_date <= DATE '2026-06-30';,False,,10.0,10.0,correct
1_raw,dev_in,3,dev-15,True,written_off_loans,SELECT COUNT(*) AS written_off_loans FROM dim_account WHERE write_off_flag = TRUE   AND write_off_date <= DATE '2026-06-30';,False,,10.0,10.0,correct
1_raw,dev_in,1,dev-16,True,reversed_transactions,SELECT SUM(amount) AS total_transaction_volume_net_of_reversals FROM fact_transaction WHERE EXTRACT(YEAR FROM transaction_date) = 2024;,False,,-312496.68,723988.69,wrong_filter
1_raw,dev_in,2,dev-16,True,reversed_transactions,SELECT SUM(t.amount) AS net_transaction_volume FROM fact_transaction t JOIN dim_date d ON t.transaction_date = d.date_key WHERE d.year = 2024   AND t.is_reversal = FALSE   AND t.transaction_id NOT IN (       SELECT reversal_of_transaction_id       FROM fact_transaction       WHERE reversal_of_transaction_id IS NOT NULL   );,False,,-311553.75,723988.69,wrong_filter
1_raw,dev_in,3,dev-16,True,reversed_transactions,SELECT SUM(amount) AS net_transaction_volume FROM fact_transaction WHERE EXTRACT(YEAR FROM transaction_date) = 2024;,False,,-312496.68,723988.69,wrong_filter
1_raw,dev_in,1,dev-17,True,reversed_transactions,SELECT COUNT(DISTINCT t.transaction_id) AS reversed_transaction_count FROM fact_transaction t JOIN fact_transaction r ON r.reversal_of_transaction_id = t.transaction_id AND r.is_reversal = TRUE WHERE EXTRACT(YEAR FROM t.transaction_date) = 2024;,False,,23.0,23.0,correct
1_raw,dev_in,2,dev-17,True,reversed_transactions,SELECT COUNT(DISTINCT t.transaction_id) AS reversed_transaction_count FROM fact_transaction t JOIN fact_transaction r ON r.reversal_of_transaction_id = t.transaction_id AND r.is_reversal = TRUE WHERE EXTRACT(YEAR FROM t.transaction_date) = 2024;,False,,23.0,23.0,correct
1_raw,dev_in,3,dev-17,True,reversed_transactions,SELECT COUNT(DISTINCT t.transaction_id) AS reversed_transaction_count FROM fact_transaction t JOIN fact_transaction r ON r.reversal_of_transaction_id = t.transaction_id WHERE EXTRACT(YEAR FROM t.transaction_date) = 2024;,False,,23.0,23.0,correct
1_raw,dev_in,1,dev-18,True,reversed_transactions,SELECT SUM(amount) AS total_transaction_volume FROM fact_transaction WHERE EXTRACT(YEAR FROM transaction_date) = 2025;,False,,-1177046.74,3039189.26,wrong_filter
1_raw,dev_in,2,dev-18,True,reversed_transactions,SELECT SUM(amount) AS total_transaction_volume FROM fact_transaction WHERE EXTRACT(YEAR FROM transaction_date) = 2025;,False,,-1177046.74,3039189.26,wrong_filter
1_raw,dev_in,3,dev-18,True,reversed_transactions,SELECT SUM(ABS(amount)) AS total_transaction_volume FROM fact_transaction WHERE EXTRACT(YEAR FROM transaction_date) = 2025;,False,,3039189.26,3039189.26,correct
1_raw,dev_in,1,dev-19,True,internal_accounts,SELECT SUM(amount) AS total_transaction_volume FROM fact_transaction WHERE EXTRACT(YEAR FROM transaction_date) = 2024;,False,,-312496.68,580332.14,wrong_filter
1_raw,dev_in,2,dev-19,True,internal_accounts,SELECT SUM(ft.amount) AS total_transaction_volume FROM fact_transaction ft JOIN dim_account da ON ft.account_id = da.account_id WHERE EXTRACT(YEAR FROM ft.transaction_date) = 2024   AND da.is_internal = FALSE;,False,,-254512.33,580332.14,wrong_filter
1_raw,dev_in,3,dev-19,True,internal_accounts,SELECT SUM(amount) AS total_transaction_volume FROM fact_transaction WHERE EXTRACT(YEAR FROM transaction_date) = 2024,False,,-312496.68,580332.14,wrong_filter
1_raw,dev_in,1,dev-20,True,internal_accounts,SELECT COUNT(*) AS transaction_count FROM fact_transaction ft JOIN dim_account da ON ft.account_id = da.account_id WHERE EXTRACT(YEAR FROM ft.transaction_date) = 2024;,False,,733.0,597.0,wrong_filter
1_raw,dev_in,2,dev-20,True,internal_accounts,SELECT COUNT(*) AS transaction_count FROM fact_transaction ft JOIN dim_account da ON ft.account_id = da.account_id WHERE EXTRACT(YEAR FROM ft.transaction_date) = 2024;,False,,733.0,597.0,wrong_filter
1_raw,dev_in,3,dev-20,True,internal_accounts,SELECT COUNT(*) AS transaction_count FROM fact_transaction ft JOIN dim_account da ON ft.account_id = da.account_id WHERE EXTRACT(YEAR FROM ft.transaction_date) = 2024;,False,,733.0,597.0,wrong_filter
1_raw,dev_in,1,dev-21,True,internal_accounts,SELECT COUNT(*) AS transaction_count FROM fact_transaction WHERE EXTRACT(YEAR FROM transaction_date) = 2025;,False,,2884.0,2884.0,correct
1_raw,dev_in,2,dev-21,True,internal_accounts,SELECT COUNT(*) AS transaction_count FROM fact_transaction WHERE EXTRACT(YEAR FROM transaction_date) = 2025;,False,,2884.0,2884.0,correct
1_raw,dev_in,3,dev-21,True,internal_accounts,SELECT COUNT(*) AS transaction_count FROM fact_transaction WHERE EXTRACT(YEAR FROM transaction_date) = 2025;,False,,2884.0,2884.0,correct
1_raw,dev_in,1,dev-22,True,customer_vs_branch_location,SELECT SUM(ft.amount) AS total_transaction_volume FROM fact_transaction ft JOIN dim_account da ON ft.account_id = da.account_id JOIN dim_customer dc ON da.customer_id = dc.customer_id JOIN dim_branch db ON dc.home_branch_id = db.branch_id WHERE db.branch_name = 'Mississauga West'   AND EXTRACT(YEAR FROM ft.transaction_date) = 2025;,False,,-106999.38,223804.08,wrong_join
1_raw,dev_in,2,dev-22,True,customer_vs_branch_location,SELECT SUM(ft.amount) AS total_transaction_volume FROM fact_transaction ft JOIN dim_account da ON ft.account_id = da.account_id JOIN dim_customer dc ON da.customer_id = dc.customer_id JOIN dim_branch db ON dc.home_branch_id = db.branch_id WHERE db.branch_name = 'Mississauga West'   AND EXTRACT(YEAR FROM ft.transaction_date) = 2025;,False,,-106999.38,223804.08,wrong_join
1_raw,dev_in,3,dev-22,True,customer_vs_branch_location,SELECT SUM(ft.amount) AS total_transaction_volume FROM fact_transaction ft JOIN dim_account da ON ft.account_id = da.account_id JOIN dim_customer dc ON da.customer_id = dc.customer_id JOIN dim_branch db ON dc.home_branch_id = db.branch_id WHERE db.branch_name = 'Mississauga West'   AND EXTRACT(YEAR FROM ft.transaction_date) = 2025;,False,,-106999.38,223804.08,wrong_join
1_raw,dev_in,1,dev-23,True,customer_vs_branch_location,SELECT COUNT(*) AS transaction_count FROM fact_transaction ft JOIN dim_branch db ON ft.branch_id = db.branch_id WHERE db.branch_name = 'Kanata'   AND EXTRACT(YEAR FROM ft.transaction_date) = 2025;,False,,632.0,631.0,correct
1_raw,dev_in,2,dev-23,True,customer_vs_branch_location,SELECT COUNT(*) AS transaction_count FROM fact_transaction ft JOIN dim_branch b ON ft.branch_id = b.branch_id WHERE b.branch_name = 'Kanata'   AND EXTRACT(YEAR FROM ft.transaction_date) = 2025;,False,,632.0,631.0,correct
1_raw,dev_in,3,dev-23,True,customer_vs_branch_location,SELECT COUNT(*) AS transaction_count FROM fact_transaction t JOIN dim_branch b ON t.branch_id = b.branch_id WHERE b.branch_name = 'Kanata'   AND EXTRACT(YEAR FROM t.transaction_date) = 2025;,False,,632.0,631.0,correct
1_raw,dev_in,1,dev-24,True,customer_vs_branch_location,SELECT SUM(ft.amount) AS total_transaction_volume FROM fact_transaction ft JOIN dim_account da ON ft.account_id = da.account_id JOIN dim_customer dc ON da.customer_id = dc.customer_id JOIN dim_branch db ON dc.home_branch_id = db.branch_id WHERE db.branch_name = 'Brampton North'   AND EXTRACT(YEAR FROM ft.transaction_date) = 2025;,False,,-225206.02,495368.37,wrong_join
1_raw,dev_in,2,dev-24,True,customer_vs_branch_location,SELECT SUM(ft.amount) AS total_transaction_volume FROM fact_transaction ft JOIN dim_account da ON ft.account_id = da.account_id JOIN dim_customer dc ON da.customer_id = dc.customer_id JOIN dim_branch db ON dc.home_branch_id = db.branch_id WHERE db.branch_name = 'Brampton North'   AND EXTRACT(YEAR FROM ft.transaction_date) = 2025;,False,,-225206.02,495368.37,wrong_join
1_raw,dev_in,3,dev-24,True,customer_vs_branch_location,SELECT SUM(ft.amount) AS total_transaction_volume FROM fact_transaction ft JOIN dim_account da ON ft.account_id = da.account_id JOIN dim_customer dc ON da.customer_id = dc.customer_id JOIN dim_branch db ON dc.home_branch_id = db.branch_id WHERE db.branch_name = 'Brampton North'   AND EXTRACT(YEAR FROM ft.transaction_date) = 2025;,False,,-225206.02,495368.37,wrong_join
1_raw,dev_oos,1,oos-dev-01,False,,,True,,,,appropriate_refusal
1_raw,dev_oos,2,oos-dev-01,False,,,True,,,,appropriate_refusal
1_raw,dev_oos,3,oos-dev-01,False,,,True,,,,appropriate_refusal
1_raw,dev_oos,1,oos-dev-02,False,,,True,,,,appropriate_refusal
1_raw,dev_oos,2,oos-dev-02,False,,,True,,,,appropriate_refusal
1_raw,dev_oos,3,oos-dev-02,False,,,True,,,,appropriate_refusal
1_raw,dev_oos,1,oos-dev-03,False,,,True,,,,appropriate_refusal
1_raw,dev_oos,2,oos-dev-03,False,,,True,,,,appropriate_refusal
1_raw,dev_oos,3,oos-dev-03,False,,,True,,,,appropriate_refusal
1_raw,dev_oos,1,oos-dev-04,False,,,True,,,,appropriate_refusal
1_raw,dev_oos,2,oos-dev-04,False,,,True,,,,appropriate_refusal
1_raw,dev_oos,3,oos-dev-04,False,,,True,,,,appropriate_refusal
1_raw,holdout_in,1,holdout-01,True,gross_vs_net_revenue,SELECT SUM(t.amount) AS net_fee_revenue FROM fact_transaction t JOIN dim_date d ON t.transaction_date = d.date_key WHERE d.year = 2024   AND t.transaction_type = 'FEE'   AND t.fee_waived = FALSE;,False,,,3403.23,wrong_filter
1_raw,holdout_in,2,holdout-01,True,gross_vs_net_revenue,SELECT SUM(amount) AS total_net_fee_revenue FROM fact_transaction WHERE transaction_type = 'FEE'   AND fee_waived = FALSE   AND is_reversal = FALSE   AND EXTRACT(YEAR FROM transaction_date) = 2024;,False,,,3403.23,wrong_filter
1_raw,holdout_in,3,holdout-01,True,gross_vs_net_revenue,SELECT SUM(amount) AS net_fee_revenue FROM fact_transaction WHERE transaction_type = 'FEE'   AND fee_waived = FALSE   AND EXTRACT(YEAR FROM transaction_date) = 2024;,False,,,3403.23,wrong_filter
1_raw,holdout_in,1,holdout-02,True,gross_vs_net_revenue,SELECT     SUM(CASE WHEN is_reversal = FALSE THEN amount ELSE -amount END) AS total_net_fee_revenue FROM fact_transaction WHERE transaction_type = 'FEE'   AND fee_waived = FALSE   AND EXTRACT(YEAR FROM transaction_date) = 2025;,False,,,14709.7,wrong_filter
1_raw,holdout_in,2,holdout-02,True,gross_vs_net_revenue,SELECT SUM(amount) AS total_net_fee_revenue FROM fact_transaction WHERE transaction_type = 'FEE'   AND fee_waived = FALSE   AND is_reversal = FALSE   AND EXTRACT(YEAR FROM transaction_date) = 2025;,False,,,14709.7,wrong_filter
1_raw,holdout_in,3,holdout-02,True,gross_vs_net_revenue,SELECT SUM(CASE WHEN is_reversal THEN -amount ELSE amount END) AS total_net_fee_revenue FROM fact_transaction WHERE transaction_type = 'FEE'   AND fee_waived = FALSE   AND EXTRACT(YEAR FROM transaction_date) = 2025;,False,,,14709.7,wrong_filter
1_raw,holdout_in,1,holdout-03,True,gross_vs_net_revenue,SELECT     SUM(ft.amount) AS net_fee_revenue FROM fact_transaction ft JOIN dim_account da ON ft.account_id = da.account_id JOIN dim_product dp ON da.product_id = dp.product_id WHERE dp.product_type = 'Credit Card'   AND ft.transaction_type = 'FEE'   AND ft.fee_waived = false   AND EXTRACT(YEAR FROM ft.transaction_date) = 2025;,False,,,3202.25,wrong_filter
1_raw,holdout_in,2,holdout-03,True,gross_vs_net_revenue,SELECT SUM(t.amount) AS net_fee_revenue FROM fact_transaction t JOIN dim_account a ON t.account_id = a.account_id JOIN dim_product p ON a.product_id = p.product_id WHERE p.product_type = 'Credit Card'   AND t.transaction_type = 'Fee'   AND t.fee_waived = false   AND EXTRACT(YEAR FROM t.transaction_date) = 2025;,False,,,3202.25,wrong_filter
1_raw,holdout_in,3,holdout-03,True,gross_vs_net_revenue,SELECT SUM(t.amount) AS total_net_fee_revenue FROM fact_transaction t JOIN dim_account a ON t.account_id = a.account_id JOIN dim_product p ON a.product_id = p.product_id WHERE p.product_type = 'Credit Card'   AND t.transaction_type = 'FEE'   AND t.fee_waived = FALSE   AND t.is_reversal = FALSE   AND EXTRACT(YEAR FROM t.transaction_date) = 2025;,False,,,3202.25,wrong_filter
1_raw,holdout_in,1,holdout-04,True,posting_vs_transaction_date,SELECT COUNT(*) AS transaction_count FROM fact_transaction WHERE posting_date >= DATE '2025-10-01' AND posting_date < DATE '2026-01-01';,False,,1050.0,1007.0,wrong_date
1_raw,holdout_in,2,holdout-04,True,posting_vs_transaction_date,SELECT COUNT(*) AS transaction_count FROM fact_transaction WHERE posting_date >= DATE '2025-10-01' AND posting_date < DATE '2026-01-01';,False,,1050.0,1007.0,wrong_date
1_raw,holdout_in,3,holdout-04,True,posting_vs_transaction_date,SELECT COUNT(*) AS transaction_count FROM fact_transaction WHERE posting_date >= DATE '2025-10-01' AND posting_date < DATE '2026-01-01';,False,,1050.0,1007.0,wrong_date
1_raw,holdout_in,1,holdout-05,True,posting_vs_transaction_date,SELECT COUNT(*) AS transaction_count FROM fact_transaction ft JOIN dim_date d ON ft.transaction_date = d.date_key WHERE d.year = 2025 AND d.quarter = 4;,False,,1060.0,1017.0,wrong_date
1_raw,holdout_in,2,holdout-05,True,posting_vs_transaction_date,SELECT COUNT(*) AS transaction_count FROM fact_transaction WHERE transaction_date >= '2025-10-01' AND transaction_date <= '2025-12-31';,False,,1060.0,1017.0,wrong_date
1_raw,holdout_in,3,holdout-05,True,posting_vs_transaction_date,SELECT COUNT(*) AS transaction_count FROM fact_transaction t JOIN dim_account a ON t.account_id = a.account_id WHERE t.transaction_date >= '2025-10-01' AND t.transaction_date <= '2025-12-31'   AND (a.is_internal IS NULL OR a.is_internal = FALSE);,False,,1017.0,1017.0,correct
1_raw,holdout_in,1,holdout-06,True,posting_vs_transaction_date,SELECT SUM(amount) AS total_transaction_volume FROM fact_transaction WHERE posting_date >= '2026-04-01' AND posting_date < '2026-07-01';,False,,-590939.25,1494343.27,wrong_date
1_raw,holdout_in,2,holdout-06,True,posting_vs_transaction_date,SELECT SUM(amount) AS total_transaction_volume FROM fact_transaction WHERE posting_date >= '2026-04-01' AND posting_date < '2026-07-01';,False,,-590939.25,1494343.27,wrong_date
1_raw,holdout_in,3,holdout-06,True,posting_vs_transaction_date,SELECT SUM(amount) AS total_transaction_volume FROM fact_transaction WHERE posting_date >= '2026-04-01' AND posting_date < '2026-07-01';,False,,-590939.25,1494343.27,wrong_date
1_raw,holdout_in,1,holdout-07,True,open_vs_active_account,SELECT COUNT(*) AS active_customer_count FROM dim_customer WHERE is_active = TRUE   AND signup_date <= DATE '2026-06-30';,False,,118.0,118.0,correct
1_raw,holdout_in,2,holdout-07,True,open_vs_active_account,SELECT COUNT(*) AS active_customers FROM dim_customer WHERE is_active = TRUE   AND signup_date <= DATE '2026-06-30';,False,,118.0,118.0,correct
1_raw,holdout_in,3,holdout-07,True,open_vs_active_account,SELECT COUNT(*) AS active_customers FROM dim_customer WHERE is_active = TRUE   AND signup_date <= DATE '2026-06-30';,False,,118.0,118.0,correct
1_raw,holdout_in,1,holdout-08,True,open_vs_active_account,SELECT COUNT(DISTINCT customer_id) AS customers_with_open_account FROM dim_account WHERE status = 'open';,False,,149.0,149.0,correct
1_raw,holdout_in,2,holdout-08,True,open_vs_active_account,SELECT COUNT(DISTINCT customer_id) AS customers_with_open_account FROM dim_account WHERE status = 'open';,False,,149.0,149.0,correct
1_raw,holdout_in,3,holdout-08,True,open_vs_active_account,SELECT COUNT(DISTINCT customer_id) AS customers_with_open_account FROM dim_account WHERE status = 'open';,False,,149.0,149.0,correct
1_raw,holdout_in,1,holdout-09,True,open_vs_active_account,SELECT COUNT(*) AS active_customer_count FROM dim_customer WHERE region = 'GTA-West' AND is_active = TRUE;,False,,28.0,28.0,correct
1_raw,holdout_in,2,holdout-09,True,open_vs_active_account,SELECT COUNT(*) AS active_customers FROM dim_customer WHERE is_active = TRUE AND region = 'GTA-West';,False,,28.0,28.0,correct
1_raw,holdout_in,3,holdout-09,True,open_vs_active_account,SELECT COUNT(*) AS active_customers FROM dim_customer WHERE is_active = TRUE AND region = 'GTA-West';,False,,28.0,28.0,correct
1_raw,holdout_in,1,holdout-10,True,month_end_vs_avg_daily_balance,SELECT AVG(fdb.balance_amount) AS avg_daily_deposit_balance FROM fact_daily_balance fdb JOIN dim_account da ON fdb.account_id = da.account_id JOIN dim_product dp ON da.product_id = dp.product_id WHERE dp.product_type = 'Deposit'   AND fdb.balance_date >= DATE '2026-06-01'   AND fdb.balance_date < DATE '2026-07-01';,False,,,7559.5,wrong_filter
1_raw,holdout_in,2,holdout-10,True,month_end_vs_avg_daily_balance,SELECT AVG(fb.balance_amount) AS avg_daily_deposit_balance FROM fact_daily_balance fb JOIN dim_account a ON fb.account_id = a.account_id JOIN dim_product p ON a.product_id = p.product_id WHERE p.product_type = 'deposit'   AND fb.balance_date >= DATE '2026-06-01'   AND fb.balance_date < DATE '2026-07-01';,False,,7559.498988262911,7559.5,correct
1_raw,holdout_in,3,holdout-10,True,month_end_vs_avg_daily_balance,SELECT AVG(fdb.balance_amount) AS avg_daily_deposit_balance FROM fact_daily_balance fdb JOIN dim_account da ON fdb.account_id = da.account_id JOIN dim_product dp ON da.product_id = dp.product_id WHERE dp.product_type = 'deposit'   AND fdb.balance_date >= DATE '2026-06-01'   AND fdb.balance_date < DATE '2026-07-01';,False,,7559.498988262911,7559.5,correct
1_raw,holdout_in,1,holdout-11,True,month_end_vs_avg_daily_balance,SELECT SUM(fdb.balance_amount) AS total_deposit_balance FROM fact_daily_balance fdb JOIN dim_account da ON fdb.account_id = da.account_id JOIN dim_product dp ON da.product_id = dp.product_id WHERE fdb.balance_date = DATE '2026-06-30'   AND dp.product_type = 'Deposit';,False,,,1069364.26,wrong_filter
1_raw,holdout_in,2,holdout-11,True,month_end_vs_avg_daily_balance,SELECT SUM(fdb.balance_amount) AS total_deposit_balance FROM fact_daily_balance fdb JOIN dim_account da ON fdb.account_id = da.account_id JOIN dim_product dp ON da.product_id = dp.product_id WHERE fdb.balance_date = DATE '2026-06-30'   AND dp.product_type = 'Deposit';,False,,,1069364.26,wrong_filter
1_raw,holdout_in,3,holdout-11,True,month_end_vs_avg_daily_balance,SELECT SUM(b.balance_amount) AS total_deposit_balance FROM fact_daily_balance b JOIN dim_account a ON b.account_id = a.account_id JOIN dim_product p ON a.product_id = p.product_id WHERE b.balance_date = '2026-06-30'   AND p.product_type = 'Deposit';,False,,,1069364.26,wrong_filter
1_raw,holdout_in,1,holdout-12,True,month_end_vs_avg_daily_balance,SELECT AVG(fdb.balance_amount) AS avg_daily_balance FROM fact_daily_balance fdb JOIN dim_account da ON fdb.account_id = da.account_id JOIN dim_product dp ON da.product_id = dp.product_id WHERE dp.product_type = 'Deposit'   AND fdb.balance_date >= DATE '2026-05-01'   AND fdb.balance_date < DATE '2026-06-01';,False,,,7597.06,wrong_filter
1_raw,holdout_in,2,holdout-12,True,month_end_vs_avg_daily_balance,SELECT AVG(fdb.balance_amount) AS avg_daily_balance FROM fact_daily_balance fdb JOIN dim_account da ON fdb.account_id = da.account_id JOIN dim_product dp ON da.product_id = dp.product_id WHERE dp.product_type ILIKE '%deposit%'   AND fdb.balance_date >= DATE '2026-05-01'   AND fdb.balance_date < DATE '2026-06-01';,False,,7597.055565651976,7597.06,correct
1_raw,holdout_in,3,holdout-12,True,month_end_vs_avg_daily_balance,SELECT AVG(fdb.balance_amount) AS avg_daily_balance FROM fact_daily_balance fdb JOIN dim_account da ON fdb.account_id = da.account_id JOIN dim_product dp ON da.product_id = dp.product_id WHERE fdb.balance_date >= DATE '2026-05-01'   AND fdb.balance_date < DATE '2026-06-01'   AND dp.product_type = 'deposit';,False,,7597.055565651976,7597.06,correct
1_raw,holdout_in,1,holdout-13,True,written_off_loans,"WITH active_loans AS (   SELECT a.account_id   FROM dim_account a   JOIN dim_product p ON a.product_id = p.product_id   WHERE p.product_type = 'loan'     AND a.open_date <= DATE '2026-06-30'     AND (a.close_date IS NULL OR a.close_date > DATE '2026-06-30') ), latest_payment AS (   SELECT     loan_account_id,     days_past_due,     ROW_NUMBER() OVER (PARTITION BY loan_account_id ORDER BY payment_date DESC) AS rn   FROM fact_loan_payment   WHERE payment_date <= DATE '2026-06-30' ) SELECT   COUNT(*) AS active_loan_count,   SUM(CASE WHEN lp.days_past_due >= 30 THEN 1 ELSE 0 END) AS delinquent_loan_count,   ROUND(     100.0 * SUM(",False,Parser Error: syntax error at end of input,,10.0,invalid_sql
1_raw,holdout_in,2,holdout-13,True,written_off_loans,"WITH latest_dpd AS (   SELECT     loan_account_id,     days_past_due,     ROW_NUMBER() OVER (PARTITION BY loan_account_id ORDER BY payment_date DESC) AS rn   FROM fact_loan_payment   WHERE payment_date <= DATE '2026-06-30' ) SELECT   100.0 * SUM(CASE WHEN l.days_past_due >= 30 THEN 1 ELSE 0 END) / COUNT(*) AS delinquency_rate_pct FROM dim_account a JOIN dim_product p ON a.product_id = p.product_id JOIN latest_dpd l ON l.loan_account_id = a.account_id AND l.rn = 1 WHERE p.product_type = 'Loan'   AND a.status = 'open'   AND (a.close_date IS NULL OR a.close_date > DATE '2026-06-30');",False,,,10.0,wrong_filter
1_raw,holdout_in,3,holdout-13,True,written_off_loans,"WITH latest_payment AS (     SELECT         loan_account_id,         days_past_due,         ROW_NUMBER() OVER (PARTITION BY loan_account_id ORDER BY payment_date DESC) AS rn     FROM fact_loan_payment     WHERE payment_date <= DATE '2026-06-30' ), active_loans AS (     SELECT a.account_id     FROM dim_account a     JOIN dim_product p ON a.product_id = p.product_id     WHERE p.product_type = 'Loan'       AND a.status = 'active'       AND (a.close_date IS NULL OR a.close_date > DATE '2026-06-30') ) SELECT     COUNT(*) FILTER (WHERE lp.days_past_due >= 30) AS delinquent_accounts,     COUNT(*) AS total_active_loan_accounts,     COUNT(*) FILTER (WHERE lp.days_past_due >= 30) * 1.0 / NULLIF(COUNT(*), 0) AS delinquency_rate FROM active_loans al LEFT JOIN latest_payment lp     ON al.account_id = lp.loan_account_id AND lp.rn = 1;",False,,,10.0,wrong_grain
1_raw,holdout_in,1,holdout-14,True,written_off_loans,"WITH latest_payment AS (     SELECT loan_account_id,            days_past_due,            ROW_NUMBER() OVER (PARTITION BY loan_account_id ORDER BY payment_date DESC) AS rn     FROM fact_loan_payment     WHERE payment_date <= DATE '2026-06-30' ) SELECT COUNT(DISTINCT lp.loan_account_id) AS loans_60plus_dpd FROM latest_payment lp JOIN dim_account a ON a.account_id = lp.loan_account_id JOIN dim_product p ON p.product_id = a.product_id WHERE lp.rn = 1   AND lp.days_past_due >= 60   AND a.status = 'active'   AND p.product_type = 'Loan';",False,,0.0,1.0,wrong_filter
1_raw,holdout_in,2,holdout-14,True,written_off_loans,SELECT COUNT(DISTINCT lp.loan_account_id) AS loans_60_plus_dpd FROM fact_loan_payment lp JOIN dim_account a ON lp.loan_account_id = a.account_id JOIN dim_product p ON a.product_id = p.product_id WHERE lp.payment_date = (     SELECT MAX(lp2.payment_date)     FROM fact_loan_payment lp2     WHERE lp2.loan_account_id = lp.loan_account_id       AND lp2.payment_date >= DATE '2026-06-01'       AND lp2.payment_date < DATE '2026-07-01' ) AND lp.payment_date >= DATE '2026-06-01' AND lp.payment_date < DATE '2026-07-01' AND lp.days_past_due >= 60 AND a.status = 'active' AND p.product_type = 'Loan';,False,,0.0,1.0,wrong_filter
1_raw,holdout_in,3,holdout-14,True,written_off_loans,"SELECT COUNT(*) AS loans_60plus_dpd FROM (     SELECT flp.loan_account_id, flp.days_past_due,            ROW_NUMBER() OVER (PARTITION BY flp.loan_account_id ORDER BY flp.payment_date DESC) AS rn     FROM fact_loan_payment flp     WHERE flp.payment_date <= DATE '2026-06-30' ) latest JOIN dim_account da ON da.account_id = latest.loan_account_id JOIN dim_product dp ON dp.product_id = da.product_id WHERE latest.rn = 1   AND latest.days_past_due >= 60   AND da.status = 'active'   AND dp.product_type = 'Loan'   AND (da.close_date IS NULL OR da.close_date > DATE '2026-06-30');",False,,0.0,1.0,wrong_filter
1_raw,holdout_in,1,holdout-15,True,reversed_transactions,SELECT SUM(amount) AS net_transaction_volume FROM fact_transaction WHERE EXTRACT(YEAR FROM transaction_date) = 2025;,False,,-1177046.74,2879515.55,wrong_filter
1_raw,holdout_in,2,holdout-15,True,reversed_transactions,SELECT SUM(amount) AS net_transaction_volume FROM fact_transaction WHERE EXTRACT(YEAR FROM transaction_date) = 2025;,False,,-1177046.74,2879515.55,wrong_filter
1_raw,holdout_in,3,holdout-15,True,reversed_transactions,SELECT SUM(amount) AS net_transaction_volume FROM fact_transaction WHERE EXTRACT(YEAR FROM transaction_date) = 2025;,False,,-1177046.74,2879515.55,wrong_filter
1_raw,holdout_in,1,holdout-16,True,reversed_transactions,SELECT COUNT(DISTINCT t.transaction_id) AS reversed_transaction_count FROM fact_transaction t JOIN fact_transaction r ON r.reversal_of_transaction_id = t.transaction_id WHERE EXTRACT(YEAR FROM t.transaction_date) = 2025;,False,,64.0,64.0,correct
1_raw,holdout_in,2,holdout-16,True,reversed_transactions,SELECT COUNT(*) AS reversed_transaction_count FROM fact_transaction t WHERE EXTRACT(YEAR FROM t.transaction_date) = 2025 AND EXISTS (     SELECT 1 FROM fact_transaction r     WHERE r.reversal_of_transaction_id = t.transaction_id );,False,,64.0,64.0,correct
1_raw,holdout_in,3,holdout-16,True,reversed_transactions,SELECT COUNT(*)  FROM fact_transaction t WHERE EXTRACT(YEAR FROM t.transaction_date) = 2025 AND EXISTS (     SELECT 1 FROM fact_transaction r     WHERE r.reversal_of_transaction_id = t.transaction_id );,False,,64.0,64.0,correct
1_raw,holdout_in,1,holdout-17,True,internal_accounts,SELECT SUM(amount) AS total_transaction_volume FROM fact_transaction WHERE EXTRACT(YEAR FROM transaction_date) = 2025;,False,,-1177046.74,2746989.32,wrong_filter
1_raw,holdout_in,2,holdout-17,True,internal_accounts,SELECT SUM(ft.amount) AS total_customer_transaction_volume FROM fact_transaction ft JOIN dim_account da ON ft.account_id = da.account_id WHERE da.is_internal = FALSE   AND EXTRACT(YEAR FROM ft.transaction_date) = 2025;,False,,-1130455.29,2746989.32,wrong_filter
1_raw,holdout_in,3,holdout-17,True,internal_accounts,SELECT SUM(amount) AS total_transaction_volume FROM fact_transaction WHERE EXTRACT(YEAR FROM transaction_date) = 2025;,False,,-1177046.74,2746989.32,wrong_filter
1_raw,holdout_in,1,holdout-18,True,internal_accounts,SELECT COUNT(*) AS transaction_count FROM fact_transaction ft JOIN dim_account da ON ft.account_id = da.account_id WHERE EXTRACT(YEAR FROM ft.transaction_date) = 2025;,False,,2884.0,2749.0,wrong_filter
1_raw,holdout_in,2,holdout-18,True,internal_accounts,SELECT COUNT(*) AS transaction_count FROM fact_transaction WHERE EXTRACT(YEAR FROM transaction_date) = 2025;,False,,2884.0,2749.0,wrong_filter
1_raw,holdout_in,3,holdout-18,True,internal_accounts,SELECT COUNT(*) AS transaction_count FROM fact_transaction ft JOIN dim_account da ON ft.account_id = da.account_id WHERE EXTRACT(YEAR FROM ft.transaction_date) = 2025;,False,,2884.0,2749.0,wrong_filter
1_raw,holdout_in,1,holdout-19,True,customer_vs_branch_location,SELECT SUM(ft.amount) AS total_transaction_volume FROM fact_transaction ft JOIN dim_account da ON ft.account_id = da.account_id JOIN dim_customer dc ON da.customer_id = dc.customer_id JOIN dim_branch db ON dc.home_branch_id = db.branch_id WHERE db.branch_name = 'Ottawa Downtown'   AND EXTRACT(YEAR FROM ft.transaction_date) = 2025;,False,,-136443.2,395628.1,wrong_join
1_raw,holdout_in,2,holdout-19,True,customer_vs_branch_location,SELECT SUM(ft.amount) AS total_transaction_volume FROM fact_transaction ft JOIN dim_account da ON ft.account_id = da.account_id JOIN dim_customer dc ON da.customer_id = dc.customer_id JOIN dim_branch db ON dc.home_branch_id = db.branch_id WHERE db.branch_name = 'Ottawa Downtown'   AND EXTRACT(YEAR FROM ft.transaction_date) = 2025;,False,,-136443.2,395628.1,wrong_join
1_raw,holdout_in,3,holdout-19,True,customer_vs_branch_location,SELECT SUM(ft.amount) AS total_transaction_volume FROM fact_transaction ft JOIN dim_account da ON ft.account_id = da.account_id JOIN dim_customer dc ON da.customer_id = dc.customer_id JOIN dim_branch db ON dc.home_branch_id = db.branch_id WHERE db.branch_name = 'Ottawa Downtown'   AND EXTRACT(YEAR FROM ft.transaction_date) = 2025;,False,,-136443.2,395628.1,wrong_join
1_raw,holdout_in,1,holdout-20,True,customer_vs_branch_location,SELECT COUNT(*) FROM fact_transaction ft JOIN dim_branch db ON ft.branch_id = db.branch_id WHERE db.branch_name = 'King Street' AND EXTRACT(YEAR FROM ft.transaction_date) = 2025;,False,,438.0,437.0,correct
1_raw,holdout_in,2,holdout-20,True,customer_vs_branch_location,SELECT COUNT(*) AS transaction_count FROM fact_transaction ft JOIN dim_branch b ON ft.branch_id = b.branch_id WHERE b.branch_name = 'King Street'   AND EXTRACT(YEAR FROM ft.transaction_date) = 2025;,False,,438.0,437.0,correct
1_raw,holdout_in,3,holdout-20,True,customer_vs_branch_location,SELECT COUNT(*) AS transaction_count FROM fact_transaction ft JOIN dim_branch db ON ft.branch_id = db.branch_id WHERE db.branch_name = 'King Street'   AND EXTRACT(YEAR FROM ft.transaction_date) = 2025;,False,,438.0,437.0,correct
1_raw,holdout_oos,1,oos-holdout-01,False,,,True,,,,appropriate_refusal
1_raw,holdout_oos,2,oos-holdout-01,False,,,True,,,,appropriate_refusal
1_raw,holdout_oos,3,oos-holdout-01,False,,,True,,,,appropriate_refusal
1_raw,holdout_oos,1,oos-holdout-02,False,,,True,,,,appropriate_refusal
1_raw,holdout_oos,2,oos-holdout-02,False,,,True,,,,appropriate_refusal
1_raw,holdout_oos,3,oos-holdout-02,False,,,True,,,,appropriate_refusal
1_raw,holdout_oos,1,oos-holdout-03,False,,,True,,,,appropriate_refusal
1_raw,holdout_oos,2,oos-holdout-03,False,,,True,,,,appropriate_refusal
1_raw,holdout_oos,3,oos-holdout-03,False,,,True,,,,appropriate_refusal
1_raw,holdout_oos,1,oos-holdout-04,False,,,True,,,,appropriate_refusal
1_raw,holdout_oos,2,oos-holdout-04,False,,,True,,,,appropriate_refusal
1_raw,holdout_oos,3,oos-holdout-04,False,,,True,,,,appropriate_refusal
1_raw,holdout_oos,1,oos-holdout-05,False,,,True,,,,appropriate_refusal
1_raw,holdout_oos,2,oos-holdout-05,False,,,True,,,,appropriate_refusal
1_raw,holdout_oos,3,oos-holdout-05,False,,,True,,,,appropriate_refusal
1_raw,holdout_oos,1,oos-holdout-06,False,,,True,,,,appropriate_refusal
1_raw,holdout_oos,2,oos-holdout-06,False,,,True,,,,appropriate_refusal
1_raw,holdout_oos,3,oos-holdout-06,False,,,True,,,,appropriate_refusal
1_raw,holdout_oos,1,oos-holdout-07,False,,,True,,,,appropriate_refusal
1_raw,holdout_oos,2,oos-holdout-07,False,,,True,,,,appropriate_refusal
1_raw,holdout_oos,3,oos-holdout-07,False,,,True,,,,appropriate_refusal
1_raw,holdout_oos,1,oos-holdout-08,False,,,True,,,,appropriate_refusal
1_raw,holdout_oos,2,oos-holdout-08,False,,,True,,,,appropriate_refusal
1_raw,holdout_oos,3,oos-holdout-08,False,,,True,,,,appropriate_refusal
2_raw_glossary,dev_in,1,dev-01,True,gross_vs_net_revenue,SELECT -SUM(ft.amount) AS total_net_fee_revenue FROM fact_transaction ft JOIN dim_date d ON ft.transaction_date = d.date_key WHERE ft.transaction_type = 'fee'   AND ft.fee_waived = FALSE   AND ft.is_reversal = FALSE   AND d.year = 2026   AND d.quarter = 1;,False,,3756.58,3756.58,correct
2_raw_glossary,dev_in,2,dev-01,True,gross_vs_net_revenue,SELECT -SUM(ft.amount) AS total_net_fee_revenue FROM fact_transaction ft JOIN dim_date dd ON ft.transaction_date = dd.date_key WHERE ft.transaction_type = 'fee'   AND ft.fee_waived = FALSE   AND ft.is_reversal = FALSE   AND dd.year = 2026   AND dd.quarter = 1;,False,,3756.58,3756.58,correct
2_raw_glossary,dev_in,3,dev-01,True,gross_vs_net_revenue,SELECT -SUM(ft.amount) AS net_fee_revenue FROM fact_transaction ft JOIN dim_account da ON ft.account_id = da.account_id JOIN dim_date dd ON ft.transaction_date = dd.date_key WHERE ft.transaction_type = 'fee'   AND ft.fee_waived = FALSE   AND ft.is_reversal = FALSE   AND da.is_internal = FALSE   AND dd.year = 2026   AND dd.quarter = 1;,False,,3622.99,3756.58,wrong_metric
2_raw_glossary,dev_in,1,dev-02,True,gross_vs_net_revenue,SELECT -SUM(amount) AS gross_fee_revenue FROM fact_transaction WHERE transaction_type = 'fee'   AND is_reversal = FALSE   AND EXTRACT(YEAR FROM posting_date) = 2025;,False,,18346.74,18385.17,correct
2_raw_glossary,dev_in,2,dev-02,True,gross_vs_net_revenue,SELECT -SUM(amount) AS gross_fee_revenue FROM fact_transaction WHERE transaction_type = 'fee'   AND is_reversal = FALSE   AND EXTRACT(YEAR FROM transaction_date) = 2025,False,,18385.17,18385.17,correct
2_raw_glossary,dev_in,3,dev-02,True,gross_vs_net_revenue,SELECT -SUM(ft.amount) AS total_gross_fee_revenue FROM fact_transaction ft JOIN dim_date dd ON ft.transaction_date = dd.date_key WHERE ft.transaction_type = 'fee'   AND ft.is_reversal = FALSE   AND dd.year = 2025;,False,,18385.17,18385.17,correct
2_raw_glossary,dev_in,1,dev-03,True,gross_vs_net_revenue,"SELECT -SUM(ft.amount) AS net_fee_revenue FROM fact_transaction ft JOIN dim_account da ON ft.account_id = da.account_id JOIN dim_product dp ON da.product_id = dp.product_id WHERE ft.transaction_type = 'fee'   AND ft.fee_waived = FALSE   AND ft.is_reversal = FALSE   AND da.is_internal = FALSE   AND dp.product_name IN ('Chequing','Savings')   AND EXTRACT(YEAR FROM ft.transaction_date) = 2024;",False,,1624.62,1624.62,correct
2_raw_glossary,dev_in,2,dev-03,True,gross_vs_net_revenue,"SELECT -SUM(ft.amount) AS total_net_fee_revenue FROM fact_transaction ft JOIN dim_account da ON ft.account_id = da.account_id JOIN dim_product dp ON da.product_id = dp.product_id WHERE ft.transaction_type = 'fee'   AND ft.fee_waived = FALSE   AND ft.is_reversal = FALSE   AND da.is_internal = FALSE   AND dp.product_type IN ('Chequing', 'Savings')   AND EXTRACT(YEAR FROM ft.transaction_date) = 2024;",False,,,1624.62,wrong_filter
2_raw_glossary,dev_in,3,dev-03,True,gross_vs_net_revenue,"SELECT   -SUM(ft.amount) AS total_net_fee_revenue FROM fact_transaction ft JOIN dim_account da ON ft.account_id = da.account_id JOIN dim_product dp ON da.product_id = dp.product_id WHERE ft.transaction_type = 'fee'   AND ft.fee_waived = FALSE   AND ft.is_reversal = FALSE   AND da.is_internal = FALSE   AND dp.product_name IN ('Chequing', 'Savings')   AND EXTRACT(YEAR FROM ft.transaction_date) = 2024;",False,,1624.62,1624.62,correct
2_raw_glossary,dev_in,1,dev-04,True,posting_vs_transaction_date,SELECT COUNT(*) AS transaction_count FROM fact_transaction t JOIN dim_account a ON t.account_id = a.account_id WHERE a.is_internal = FALSE   AND t.posting_date >= '2025-01-01'   AND t.posting_date < '2025-04-01';,False,,470.0,470.0,correct
2_raw_glossary,dev_in,2,dev-04,True,posting_vs_transaction_date,SELECT COUNT(*) AS transaction_count FROM fact_transaction ft JOIN dim_account da ON ft.account_id = da.account_id WHERE ft.posting_date >= '2025-01-01' AND ft.posting_date < '2025-04-01'   AND da.is_internal = FALSE;,False,,470.0,470.0,correct
2_raw_glossary,dev_in,3,dev-04,True,posting_vs_transaction_date,SELECT COUNT(*) AS transaction_count FROM fact_transaction t JOIN dim_account a ON t.account_id = a.account_id WHERE t.posting_date >= '2025-01-01' AND t.posting_date < '2025-04-01'   AND a.is_internal = FALSE;,False,,470.0,470.0,correct
2_raw_glossary,dev_in,1,dev-05,True,posting_vs_transaction_date,SELECT COUNT(*) AS transaction_count FROM fact_transaction ft JOIN dim_account da ON ft.account_id = da.account_id WHERE da.is_internal = FALSE   AND ft.transaction_date >= '2025-01-01'   AND ft.transaction_date < '2025-04-01';,False,,468.0,468.0,correct
2_raw_glossary,dev_in,2,dev-05,True,posting_vs_transaction_date,SELECT COUNT(*) AS transaction_count FROM fact_transaction ft JOIN dim_account da ON ft.account_id = da.account_id WHERE ft.transaction_date >= '2025-01-01' AND ft.transaction_date < '2025-04-01'   AND da.is_internal = FALSE;,False,,468.0,468.0,correct
2_raw_glossary,dev_in,3,dev-05,True,posting_vs_transaction_date,SELECT COUNT(*) AS transaction_count FROM fact_transaction t JOIN dim_account a ON t.account_id = a.account_id WHERE a.is_internal = FALSE   AND t.transaction_date >= '2025-01-01'   AND t.transaction_date < '2025-04-01';,False,,468.0,468.0,correct
2_raw_glossary,dev_in,1,dev-06,True,posting_vs_transaction_date,SELECT SUM(t.amount) AS total_transaction_volume FROM fact_transaction t JOIN dim_account a ON t.account_id = a.account_id WHERE t.transaction_date >= '2025-07-01' AND t.transaction_date <= '2025-09-30'   AND a.is_internal = FALSE;,False,,-249236.91,647182.53,wrong_date
2_raw_glossary,dev_in,2,dev-06,True,posting_vs_transaction_date,SELECT SUM(amount) AS total_transaction_volume FROM fact_transaction WHERE transaction_date BETWEEN '2025-07-01' AND '2025-09-30';,False,,-261093.84,647182.53,wrong_date
2_raw_glossary,dev_in,3,dev-06,True,posting_vs_transaction_date,SELECT SUM(ft.amount) AS total_transaction_volume FROM fact_transaction ft JOIN dim_account da ON ft.account_id = da.account_id WHERE ft.transaction_date >= '2025-07-01' AND ft.transaction_date <= '2025-09-30'   AND da.is_internal = FALSE;,False,,-249236.91,647182.53,wrong_date
2_raw_glossary,dev_in,1,dev-07,True,open_vs_active_account,SELECT COUNT(*) AS active_customer_count FROM dim_customer WHERE is_active = TRUE   AND region = 'Eastern-ON';,False,,45.0,45.0,correct
2_raw_glossary,dev_in,2,dev-07,True,open_vs_active_account,SELECT COUNT(*) AS active_customer_count FROM dim_customer WHERE is_active = TRUE   AND region = 'Eastern-ON';,False,,45.0,45.0,correct
2_raw_glossary,dev_in,3,dev-07,True,open_vs_active_account,SELECT COUNT(*) AS active_customer_count FROM dim_customer WHERE is_active = TRUE   AND region = 'Eastern-ON';,False,,45.0,45.0,correct
2_raw_glossary,dev_in,1,dev-08,True,open_vs_active_account,SELECT COUNT(DISTINCT a.customer_id) AS customer_count FROM dim_account a JOIN dim_branch b ON a.home_branch_id = b.branch_id WHERE a.status = 'open'   AND a.is_internal = FALSE   AND b.region = 'GTA-Central';,False,,55.0,55.0,correct
2_raw_glossary,dev_in,2,dev-08,True,open_vs_active_account,SELECT COUNT(DISTINCT a.customer_id) AS customer_count FROM dim_account a JOIN dim_branch b ON a.home_branch_id = b.branch_id WHERE a.status = 'open'   AND a.is_internal = FALSE   AND b.region = 'GTA-Central';,False,,55.0,55.0,correct
2_raw_glossary,dev_in,3,dev-08,True,open_vs_active_account,SELECT COUNT(DISTINCT a.customer_id) AS customer_count FROM dim_account a JOIN dim_branch b ON a.home_branch_id = b.branch_id WHERE a.status = 'open'   AND a.is_internal = FALSE   AND b.region = 'GTA-Central';,False,,55.0,55.0,correct
2_raw_glossary,dev_in,1,dev-09,True,open_vs_active_account,SELECT COUNT(*) AS active_customer_count FROM dim_customer WHERE is_active = TRUE   AND region = 'GTA-Central';,False,,45.0,45.0,correct
2_raw_glossary,dev_in,2,dev-09,True,open_vs_active_account,SELECT COUNT(*) AS active_customer_count FROM dim_customer WHERE is_active = TRUE   AND region = 'GTA-Central';,False,,45.0,45.0,correct
2_raw_glossary,dev_in,3,dev-09,True,open_vs_active_account,SELECT COUNT(*) AS active_customer_count FROM dim_customer WHERE is_active = TRUE   AND region = 'GTA-Central';,False,,45.0,45.0,correct
2_raw_glossary,dev_in,1,dev-10,True,month_end_vs_avg_daily_balance,SELECT AVG(fdb.balance_amount) AS avg_daily_deposit_balance FROM fact_daily_balance fdb JOIN dim_account da ON fdb.account_id = da.account_id JOIN dim_product dp ON da.product_id = dp.product_id WHERE dp.product_type = 'deposit'   AND da.is_internal = FALSE   AND fdb.balance_date >= DATE '2026-01-01'   AND fdb.balance_date <= DATE '2026-03-31';,False,,7269.7862253521125,7269.79,correct
2_raw_glossary,dev_in,2,dev-10,True,month_end_vs_avg_daily_balance,SELECT AVG(fdb.balance_amount) AS avg_daily_deposit_balance FROM fact_daily_balance fdb JOIN dim_account da ON fdb.account_id = da.account_id JOIN dim_product dp ON da.product_id = dp.product_id WHERE dp.product_type = 'deposit'   AND da.is_internal = FALSE   AND fdb.balance_date >= '2026-01-01'   AND fdb.balance_date <= '2026-03-31';,False,,7269.7862253521125,7269.79,correct
2_raw_glossary,dev_in,3,dev-10,True,month_end_vs_avg_daily_balance,SELECT AVG(fdb.balance_amount) AS avg_daily_deposit_balance FROM fact_daily_balance fdb JOIN dim_account da ON fdb.account_id = da.account_id JOIN dim_product dp ON da.product_id = dp.product_id WHERE dp.product_type = 'deposit'   AND da.is_internal = FALSE   AND fdb.balance_date >= DATE '2026-01-01'   AND fdb.balance_date <= DATE '2026-03-31';,False,,7269.7862253521125,7269.79,correct
2_raw_glossary,dev_in,1,dev-11,True,month_end_vs_avg_daily_balance,SELECT SUM(fb.balance_amount) AS total_deposit_balance FROM fact_daily_balance fb JOIN dim_account a ON fb.account_id = a.account_id JOIN dim_product p ON a.product_id = p.product_id WHERE fb.balance_date = '2026-03-31'   AND p.product_type = 'deposit'   AND a.is_internal = FALSE;,False,,1055399.87,1055399.87,correct
2_raw_glossary,dev_in,2,dev-11,True,month_end_vs_avg_daily_balance,SELECT SUM(fdb.balance_amount) AS total_deposit_balance FROM fact_daily_balance fdb JOIN dim_account da ON fdb.account_id = da.account_id JOIN dim_product dp ON da.product_id = dp.product_id WHERE fdb.balance_date = DATE '2026-03-31'   AND dp.product_type = 'deposit'   AND da.is_internal = FALSE;,False,,1055399.87,1055399.87,correct
2_raw_glossary,dev_in,3,dev-11,True,month_end_vs_avg_daily_balance,SELECT SUM(fdb.balance_amount) AS total_deposit_balance FROM fact_daily_balance fdb JOIN dim_account da ON fdb.account_id = da.account_id JOIN dim_product dp ON da.product_id = dp.product_id WHERE fdb.balance_date = DATE '2026-03-31'   AND dp.product_type = 'deposit'   AND da.is_internal = FALSE;,False,,1055399.87,1055399.87,correct
2_raw_glossary,dev_in,1,dev-12,True,month_end_vs_avg_daily_balance,SELECT AVG(fdb.balance_amount) AS avg_daily_balance FROM fact_daily_balance fdb JOIN dim_account a ON fdb.account_id = a.account_id JOIN dim_product p ON a.product_id = p.product_id WHERE fdb.balance_date >= DATE '2026-04-01'   AND fdb.balance_date < DATE '2026-05-01'   AND p.product_type = 'deposit'   AND a.is_internal = FALSE;,False,,7399.537910798122,7399.54,correct
2_raw_glossary,dev_in,2,dev-12,True,month_end_vs_avg_daily_balance,SELECT AVG(fdb.balance_amount) AS avg_daily_balance FROM fact_daily_balance fdb JOIN dim_account a ON fdb.account_id = a.account_id JOIN dim_product p ON a.product_id = p.product_id WHERE p.product_type = 'deposit'   AND a.is_internal = FALSE   AND fdb.balance_date >= DATE '2026-04-01'   AND fdb.balance_date < DATE '2026-05-01';,False,,7399.537910798122,7399.54,correct
2_raw_glossary,dev_in,3,dev-12,True,month_end_vs_avg_daily_balance,SELECT AVG(fdb.balance_amount) AS avg_daily_balance FROM fact_daily_balance fdb JOIN dim_account da ON fdb.account_id = da.account_id JOIN dim_product dp ON da.product_id = dp.product_id WHERE dp.product_type = 'deposit'   AND da.is_internal = FALSE   AND fdb.balance_date >= DATE '2026-04-01'   AND fdb.balance_date < DATE '2026-05-01';,False,,7399.537910798122,7399.54,correct
2_raw_glossary,dev_in,1,dev-13,True,written_off_loans,"WITH ranked AS (   SELECT flp.loan_account_id, flp.days_past_due,          ROW_NUMBER() OVER (PARTITION BY flp.loan_account_id ORDER BY flp.payment_date DESC) AS rn   FROM fact_loan_payment flp   WHERE flp.payment_date <= DATE '2026-03-31' ), latest AS (   SELECT r.loan_account_id, r.days_past_due   FROM ranked r   JOIN dim_account a ON a.account_id = r.loan_account_id   WHERE r.rn = 1 AND a.write_off_flag = FALSE ) SELECT   SUM(CASE WHEN days_past_due >= 30 THEN 1 ELSE 0 END)::DOUBLE / COUNT(*) AS delinquency_rate_30plus FROM latest;",False,,0.038461538461538464,3.85,wrong_filter
2_raw_glossary,dev_in,2,dev-13,True,written_off_loans,"WITH ranked_payments AS (   SELECT     lp.loan_account_id,     lp.days_past_due,     ROW_NUMBER() OVER (PARTITION BY lp.loan_account_id ORDER BY lp.payment_date DESC) AS rn   FROM fact_loan_payment lp   JOIN dim_account a ON a.account_id = lp.loan_account_id   WHERE lp.payment_date <= DATE '2026-03-31'     AND a.write_off_flag = FALSE ) SELECT   100.0 * SUM(CASE WHEN days_past_due >= 30 THEN 1 ELSE 0 END) / COUNT(*) AS delinquency_rate_pct FROM ranked_payments WHERE rn = 1;",False,,3.8461538461538463,3.85,correct
2_raw_glossary,dev_in,3,dev-13,True,written_off_loans,"WITH ranked_payments AS (     SELECT         lp.loan_account_id,         lp.days_past_due,         ROW_NUMBER() OVER (PARTITION BY lp.loan_account_id ORDER BY lp.payment_date DESC) AS rn     FROM fact_loan_payment lp     WHERE lp.payment_date <= '2026-03-31' ), latest_payments AS (     SELECT loan_account_id, days_past_due     FROM ranked_payments     WHERE rn = 1 ) SELECT     SUM(CASE WHEN lp.days_past_due >= 30 THEN 1 ELSE 0 END) * 1.0 / COUNT(*) AS delinquency_rate_30plus FROM latest_payments lp JOIN dim_account a ON a.account_id = lp.loan_account_id WHERE a.write_off_flag = FALSE;",False,,0.038461538461538464,3.85,wrong_filter
2_raw_glossary,dev_in,1,dev-14,True,written_off_loans,"WITH ranked_payments AS (   SELECT     lp.loan_account_id,     lp.days_past_due,     ROW_NUMBER() OVER (PARTITION BY lp.loan_account_id ORDER BY lp.payment_date DESC) AS rn   FROM fact_loan_payment lp   WHERE lp.payment_date <= DATE '2026-03-31' ) SELECT COUNT(*) AS loans_60plus_dpd FROM ranked_payments rp JOIN dim_account a ON a.account_id = rp.loan_account_id WHERE rp.rn = 1   AND a.write_off_flag = FALSE   AND rp.days_past_due >= 60;",False,,1.0,1.0,correct
2_raw_glossary,dev_in,2,dev-14,True,written_off_loans,"WITH ranked_payments AS (     SELECT         flp.loan_account_id,         flp.days_past_due,         ROW_NUMBER() OVER (PARTITION BY flp.loan_account_id ORDER BY flp.payment_date DESC) AS rn     FROM fact_loan_payment flp     WHERE flp.payment_date <= DATE '2026-03-31' ) SELECT COUNT(*) AS loans_60plus_dpd FROM ranked_payments rp JOIN dim_account da ON da.account_id = rp.loan_account_id WHERE rp.rn = 1   AND rp.days_past_due >= 60   AND da.write_off_flag = FALSE;",False,,1.0,1.0,correct
2_raw_glossary,dev_in,3,dev-14,True,written_off_loans,"SELECT COUNT(*) AS loans_60plus_dpd FROM (     SELECT lp.loan_account_id, lp.days_past_due,            ROW_NUMBER() OVER (PARTITION BY lp.loan_account_id ORDER BY lp.payment_date DESC) AS rn     FROM fact_loan_payment lp     WHERE lp.payment_date <= DATE '2026-03-31' ) latest JOIN dim_account a ON a.account_id = latest.loan_account_id WHERE latest.rn = 1   AND latest.days_past_due >= 60   AND a.write_off_flag = FALSE;",False,,1.0,1.0,correct
2_raw_glossary,dev_in,1,dev-15,True,written_off_loans,SELECT COUNT(*) AS loans_written_off FROM dim_account a JOIN dim_product p ON a.product_id = p.product_id WHERE a.write_off_flag = TRUE   AND p.product_type = 'loan'   AND a.write_off_date <= DATE '2026-06-30';,False,,10.0,10.0,correct
2_raw_glossary,dev_in,2,dev-15,True,written_off_loans,SELECT COUNT(*) AS loans_written_off FROM dim_account WHERE write_off_flag = TRUE   AND write_off_date <= DATE '2026-06-30';,False,,10.0,10.0,correct
2_raw_glossary,dev_in,3,dev-15,True,written_off_loans,SELECT COUNT(*) AS written_off_loans FROM dim_account WHERE write_off_flag = TRUE   AND write_off_date <= DATE '2026-06-30';,False,,10.0,10.0,correct
2_raw_glossary,dev_in,1,dev-16,True,reversed_transactions,SELECT SUM(ft.amount) AS total_transaction_volume FROM fact_transaction ft JOIN dim_account da ON ft.account_id = da.account_id WHERE EXTRACT(YEAR FROM ft.transaction_date) = 2024   AND da.is_internal = FALSE;,False,,-254512.33,723988.69,wrong_filter
2_raw_glossary,dev_in,2,dev-16,True,reversed_transactions,SELECT SUM(ft.amount) AS total_transaction_volume_net_of_reversals FROM fact_transaction ft JOIN dim_account da ON ft.account_id = da.account_id WHERE EXTRACT(YEAR FROM ft.transaction_date) = 2024   AND da.is_internal = FALSE;,False,,-254512.33,723988.69,wrong_filter
2_raw_glossary,dev_in,3,dev-16,True,reversed_transactions,SELECT SUM(ft.amount) AS net_transaction_volume FROM fact_transaction ft JOIN dim_account da ON ft.account_id = da.account_id WHERE EXTRACT(YEAR FROM ft.transaction_date) = 2024   AND da.is_internal = FALSE;,False,,-254512.33,723988.69,wrong_filter
2_raw_glossary,dev_in,1,dev-17,True,reversed_transactions,SELECT COUNT(DISTINCT t.transaction_id) AS reversed_transaction_count FROM fact_transaction t JOIN fact_transaction r   ON r.reversal_of_transaction_id = t.transaction_id   AND r.is_reversal = TRUE   AND r.transaction_date > t.transaction_date WHERE EXTRACT(YEAR FROM t.transaction_date) = 2024;,False,,23.0,23.0,correct
2_raw_glossary,dev_in,2,dev-17,True,reversed_transactions,SELECT COUNT(DISTINCT t.transaction_id) AS reversed_transaction_count FROM fact_transaction t JOIN fact_transaction r   ON r.reversal_of_transaction_id = t.transaction_id   AND r.is_reversal = TRUE WHERE EXTRACT(YEAR FROM t.transaction_date) = 2024   AND r.transaction_date > t.transaction_date;,False,,23.0,23.0,correct
2_raw_glossary,dev_in,3,dev-17,True,reversed_transactions,SELECT COUNT(*) AS reversed_transaction_count FROM fact_transaction t WHERE EXTRACT(YEAR FROM t.transaction_date) = 2024   AND t.is_reversal = FALSE   AND EXISTS (       SELECT 1 FROM fact_transaction r       WHERE r.reversal_of_transaction_id = t.transaction_id         AND r.is_reversal = TRUE         AND r.transaction_date > t.transaction_date   );,False,,23.0,23.0,correct
2_raw_glossary,dev_in,1,dev-18,True,reversed_transactions,SELECT SUM(ft.amount) AS total_transaction_volume FROM fact_transaction ft JOIN dim_account da ON ft.account_id = da.account_id WHERE EXTRACT(YEAR FROM ft.transaction_date) = 2025   AND da.is_internal = FALSE;,False,,-1130455.29,3039189.26,wrong_filter
2_raw_glossary,dev_in,2,dev-18,True,reversed_transactions,SELECT SUM(ft.amount) AS total_transaction_volume FROM fact_transaction ft JOIN dim_account da ON ft.account_id = da.account_id WHERE EXTRACT(YEAR FROM ft.transaction_date) = 2025   AND da.is_internal = FALSE;,False,,-1130455.29,3039189.26,wrong_filter
2_raw_glossary,dev_in,3,dev-18,True,reversed_transactions,SELECT SUM(ABS(ft.amount)) AS total_transaction_volume FROM fact_transaction ft JOIN dim_account da ON ft.account_id = da.account_id WHERE EXTRACT(YEAR FROM ft.transaction_date) = 2025   AND da.is_internal = FALSE;,False,,2891387.33,3039189.26,wrong_filter
2_raw_glossary,dev_in,1,dev-19,True,internal_accounts,SELECT SUM(ft.amount) AS total_transaction_volume FROM fact_transaction ft JOIN dim_account da ON ft.account_id = da.account_id WHERE da.is_internal = FALSE   AND EXTRACT(YEAR FROM ft.transaction_date) = 2024;,False,,-254512.33,580332.14,wrong_filter
2_raw_glossary,dev_in,2,dev-19,True,internal_accounts,SELECT SUM(ft.amount) AS total_transaction_volume FROM fact_transaction ft JOIN dim_account da ON ft.account_id = da.account_id WHERE da.is_internal = FALSE   AND EXTRACT(YEAR FROM ft.transaction_date) = 2024;,False,,-254512.33,580332.14,wrong_filter
2_raw_glossary,dev_in,3,dev-19,True,internal_accounts,SELECT SUM(ft.amount) AS total_transaction_volume FROM fact_transaction ft JOIN dim_account da ON ft.account_id = da.account_id WHERE da.is_internal = FALSE   AND EXTRACT(YEAR FROM ft.transaction_date) = 2024;,False,,-254512.33,580332.14,wrong_filter
2_raw_glossary,dev_in,1,dev-20,True,internal_accounts,SELECT COUNT(*) AS transaction_count FROM fact_transaction t JOIN dim_account a ON t.account_id = a.account_id WHERE a.is_internal = FALSE   AND EXTRACT(YEAR FROM t.transaction_date) = 2024;,False,,597.0,597.0,correct
2_raw_glossary,dev_in,2,dev-20,True,internal_accounts,SELECT COUNT(*) AS transaction_count FROM fact_transaction t JOIN dim_account a ON t.account_id = a.account_id WHERE a.is_internal = FALSE   AND EXTRACT(YEAR FROM t.transaction_date) = 2024;,False,,597.0,597.0,correct
2_raw_glossary,dev_in,3,dev-20,True,internal_accounts,SELECT COUNT(*) AS transaction_count FROM fact_transaction t JOIN dim_account a ON t.account_id = a.account_id WHERE a.is_internal = FALSE   AND EXTRACT(YEAR FROM t.transaction_date) = 2024;,False,,597.0,597.0,correct
2_raw_glossary,dev_in,1,dev-21,True,internal_accounts,SELECT COUNT(*) AS transaction_count FROM fact_transaction WHERE EXTRACT(YEAR FROM transaction_date) = 2025;,False,,2884.0,2884.0,correct
2_raw_glossary,dev_in,2,dev-21,True,internal_accounts,SELECT COUNT(*) AS transaction_count FROM fact_transaction WHERE EXTRACT(YEAR FROM transaction_date) = 2025;,False,,2884.0,2884.0,correct
2_raw_glossary,dev_in,3,dev-21,True,internal_accounts,SELECT COUNT(*) AS transaction_count FROM fact_transaction WHERE EXTRACT(YEAR FROM transaction_date) = 2025;,False,,2884.0,2884.0,correct
2_raw_glossary,dev_in,1,dev-22,True,customer_vs_branch_location,SELECT SUM(ft.amount) AS total_transaction_volume FROM fact_transaction ft JOIN dim_account da ON ft.account_id = da.account_id JOIN dim_branch db ON da.home_branch_id = db.branch_id WHERE db.branch_name = 'Mississauga West'   AND EXTRACT(YEAR FROM ft.transaction_date) = 2025   AND da.is_internal = FALSE,False,,-106999.38,223804.08,wrong_join
2_raw_glossary,dev_in,2,dev-22,True,customer_vs_branch_location,SELECT SUM(ft.amount) AS total_transaction_volume FROM fact_transaction ft JOIN dim_account da ON ft.account_id = da.account_id JOIN dim_branch db ON da.home_branch_id = db.branch_id WHERE db.branch_name = 'Mississauga West'   AND EXTRACT(YEAR FROM ft.transaction_date) = 2025   AND da.is_internal = FALSE;,False,,-106999.38,223804.08,wrong_join
2_raw_glossary,dev_in,3,dev-22,True,customer_vs_branch_location,SELECT SUM(ft.amount) AS total_transaction_volume FROM fact_transaction ft JOIN dim_account da ON ft.account_id = da.account_id JOIN dim_branch db ON da.home_branch_id = db.branch_id WHERE db.branch_name = 'Mississauga West'   AND da.is_internal = FALSE   AND EXTRACT(YEAR FROM ft.transaction_date) = 2025;,False,,-106999.38,223804.08,wrong_join
2_raw_glossary,dev_in,1,dev-23,True,customer_vs_branch_location,SELECT COUNT(*) AS transaction_count FROM fact_transaction ft JOIN dim_branch b ON ft.branch_id = b.branch_id JOIN dim_account a ON ft.account_id = a.account_id WHERE b.branch_name = 'Kanata'   AND EXTRACT(YEAR FROM ft.transaction_date) = 2025   AND a.is_internal = FALSE;,False,,631.0,631.0,correct
2_raw_glossary,dev_in,2,dev-23,True,customer_vs_branch_location,SELECT COUNT(*) AS transaction_count FROM fact_transaction ft JOIN dim_branch b ON ft.branch_id = b.branch_id WHERE b.branch_name = 'Kanata'   AND EXTRACT(YEAR FROM ft.transaction_date) = 2025;,False,,632.0,631.0,correct
2_raw_glossary,dev_in,3,dev-23,True,customer_vs_branch_location,SELECT COUNT(*) AS transaction_count FROM fact_transaction ft JOIN dim_branch db ON ft.branch_id = db.branch_id WHERE db.branch_name = 'Kanata'   AND ft.transaction_date >= DATE '2025-01-01'   AND ft.transaction_date < DATE '2026-01-01';,False,,632.0,631.0,correct
2_raw_glossary,dev_in,1,dev-24,True,customer_vs_branch_location,SELECT SUM(ft.amount) AS total_transaction_volume FROM fact_transaction ft JOIN dim_account da ON ft.account_id = da.account_id JOIN dim_branch db ON da.home_branch_id = db.branch_id WHERE db.branch_name = 'Brampton North'   AND EXTRACT(YEAR FROM ft.transaction_date) = 2025   AND da.is_internal = FALSE;,False,,-225206.02,495368.37,wrong_join
2_raw_glossary,dev_in,2,dev-24,True,customer_vs_branch_location,SELECT SUM(ft.amount) AS total_transaction_volume FROM fact_transaction ft JOIN dim_account da ON ft.account_id = da.account_id JOIN dim_branch db ON da.home_branch_id = db.branch_id WHERE db.branch_name = 'Brampton North'   AND da.is_internal = FALSE   AND EXTRACT(YEAR FROM ft.transaction_date) = 2025;,False,,-225206.02,495368.37,wrong_join
2_raw_glossary,dev_in,3,dev-24,True,customer_vs_branch_location,SELECT SUM(ft.amount) AS total_transaction_volume FROM fact_transaction ft JOIN dim_account da ON ft.account_id = da.account_id JOIN dim_branch db ON da.home_branch_id = db.branch_id WHERE db.branch_name = 'Brampton North'   AND EXTRACT(YEAR FROM ft.transaction_date) = 2025   AND da.is_internal = FALSE;,False,,-225206.02,495368.37,wrong_join
2_raw_glossary,dev_oos,1,oos-dev-01,False,,,True,,,,appropriate_refusal
2_raw_glossary,dev_oos,2,oos-dev-01,False,,,True,,,,appropriate_refusal
2_raw_glossary,dev_oos,3,oos-dev-01,False,,,True,,,,appropriate_refusal
2_raw_glossary,dev_oos,1,oos-dev-02,False,,,True,,,,appropriate_refusal
2_raw_glossary,dev_oos,2,oos-dev-02,False,,,True,,,,appropriate_refusal
2_raw_glossary,dev_oos,3,oos-dev-02,False,,,True,,,,appropriate_refusal
2_raw_glossary,dev_oos,1,oos-dev-03,False,,,True,,,,appropriate_refusal
2_raw_glossary,dev_oos,2,oos-dev-03,False,,,True,,,,appropriate_refusal
2_raw_glossary,dev_oos,3,oos-dev-03,False,,,True,,,,appropriate_refusal
2_raw_glossary,dev_oos,1,oos-dev-04,False,,,True,,,,appropriate_refusal
2_raw_glossary,dev_oos,2,oos-dev-04,False,,,True,,,,appropriate_refusal
2_raw_glossary,dev_oos,3,oos-dev-04,False,,,True,,,,appropriate_refusal
2_raw_glossary,holdout_in,1,holdout-01,True,gross_vs_net_revenue,SELECT -SUM(amount) AS net_fee_revenue FROM fact_transaction WHERE transaction_type = 'fee'   AND fee_waived = FALSE   AND is_reversal = FALSE   AND EXTRACT(YEAR FROM transaction_date) = 2024;,False,,3403.23,3403.23,correct
2_raw_glossary,holdout_in,2,holdout-01,True,gross_vs_net_revenue,SELECT -SUM(amount) AS total_net_fee_revenue FROM fact_transaction WHERE transaction_type = 'fee'   AND fee_waived = FALSE   AND is_reversal = FALSE   AND EXTRACT(YEAR FROM transaction_date) = 2024;,False,,3403.23,3403.23,correct
2_raw_glossary,holdout_in,3,holdout-01,True,gross_vs_net_revenue,SELECT -SUM(amount) AS total_net_fee_revenue FROM fact_transaction WHERE transaction_type = 'fee'   AND fee_waived = FALSE   AND is_reversal = FALSE   AND EXTRACT(YEAR FROM transaction_date) = 2024;,False,,3403.23,3403.23,correct
2_raw_glossary,holdout_in,1,holdout-02,True,gross_vs_net_revenue,SELECT -SUM(amount) AS total_net_fee_revenue FROM fact_transaction WHERE transaction_type = 'fee'   AND fee_waived = FALSE   AND is_reversal = FALSE   AND EXTRACT(YEAR FROM transaction_date) = 2025;,False,,14709.7,14709.7,correct
2_raw_glossary,holdout_in,2,holdout-02,True,gross_vs_net_revenue,SELECT -SUM(amount) AS total_net_fee_revenue FROM fact_transaction WHERE transaction_type = 'fee'   AND fee_waived = FALSE   AND is_reversal = FALSE   AND EXTRACT(YEAR FROM transaction_date) = 2025;,False,,14709.7,14709.7,correct
2_raw_glossary,holdout_in,3,holdout-02,True,gross_vs_net_revenue,SELECT -SUM(amount) AS net_fee_revenue FROM fact_transaction WHERE transaction_type = 'fee'   AND fee_waived = FALSE   AND is_reversal = FALSE   AND EXTRACT(YEAR FROM posting_date) = 2025;,False,,14727.28,14709.7,correct
2_raw_glossary,holdout_in,1,holdout-03,True,gross_vs_net_revenue,SELECT -SUM(ft.amount) AS total_net_fee_revenue FROM fact_transaction ft JOIN dim_account da ON ft.account_id = da.account_id JOIN dim_product dp ON da.product_id = dp.product_id WHERE dp.product_name = 'Credit Card'   AND ft.transaction_type = 'fee'   AND ft.fee_waived = FALSE   AND ft.is_reversal = FALSE   AND da.is_internal = FALSE   AND EXTRACT(YEAR FROM ft.posting_date) = 2025;,False,,3155.93,3202.25,wrong_metric
2_raw_glossary,holdout_in,2,holdout-03,True,gross_vs_net_revenue,SELECT     -SUM(ft.amount) AS total_net_fee_revenue FROM fact_transaction ft JOIN dim_account da ON ft.account_id = da.account_id JOIN dim_product dp ON da.product_id = dp.product_id WHERE ft.transaction_type = 'fee'   AND ft.fee_waived = FALSE   AND ft.is_reversal = FALSE   AND dp.product_name = 'Credit Card'   AND da.is_internal = FALSE   AND EXTRACT(YEAR FROM ft.posting_date) = 2025;,False,,3155.93,3202.25,wrong_metric
2_raw_glossary,holdout_in,3,holdout-03,True,gross_vs_net_revenue,SELECT -SUM(ft.amount) AS total_net_fee_revenue FROM fact_transaction ft JOIN dim_account da ON ft.account_id = da.account_id JOIN dim_product dp ON da.product_id = dp.product_id WHERE dp.product_name = 'Credit Card'   AND ft.transaction_type = 'fee'   AND ft.fee_waived = FALSE   AND ft.is_reversal = FALSE   AND da.is_internal = FALSE   AND EXTRACT(YEAR FROM ft.posting_date) = 2025;,False,,3155.93,3202.25,wrong_metric
2_raw_glossary,holdout_in,1,holdout-04,True,posting_vs_transaction_date,SELECT COUNT(*) AS transaction_count FROM fact_transaction ft JOIN dim_account da ON ft.account_id = da.account_id WHERE da.is_internal = FALSE   AND ft.posting_date >= DATE '2025-10-01'   AND ft.posting_date <= DATE '2025-12-31';,False,,1007.0,1007.0,correct
2_raw_glossary,holdout_in,2,holdout-04,True,posting_vs_transaction_date,SELECT COUNT(*) AS transaction_count FROM fact_transaction t JOIN dim_account a ON t.account_id = a.account_id WHERE a.is_internal = FALSE   AND t.posting_date >= DATE '2025-10-01'   AND t.posting_date < DATE '2026-01-01';,False,,1007.0,1007.0,correct
2_raw_glossary,holdout_in,3,holdout-04,True,posting_vs_transaction_date,SELECT COUNT(*) AS transaction_count FROM fact_transaction t JOIN dim_account a ON t.account_id = a.account_id WHERE t.posting_date BETWEEN '2025-10-01' AND '2025-12-31'   AND a.is_internal = FALSE;,False,,1007.0,1007.0,correct
2_raw_glossary,holdout_in,1,holdout-05,True,posting_vs_transaction_date,SELECT COUNT(*) AS transaction_count FROM fact_transaction t JOIN dim_account a ON t.account_id = a.account_id WHERE a.is_internal = FALSE   AND t.transaction_date >= DATE '2025-10-01'   AND t.transaction_date < DATE '2026-01-01';,False,,1017.0,1017.0,correct
2_raw_glossary,holdout_in,2,holdout-05,True,posting_vs_transaction_date,SELECT COUNT(*) AS transaction_count FROM fact_transaction t JOIN dim_account a ON t.account_id = a.account_id WHERE a.is_internal = FALSE   AND t.transaction_date >= DATE '2025-10-01'   AND t.transaction_date < DATE '2026-01-01';,False,,1017.0,1017.0,correct
2_raw_glossary,holdout_in,3,holdout-05,True,posting_vs_transaction_date,SELECT COUNT(*) AS transaction_count FROM fact_transaction t JOIN dim_account a ON t.account_id = a.account_id WHERE a.is_internal = FALSE   AND t.transaction_date >= '2025-10-01'   AND t.transaction_date < '2026-01-01';,False,,1017.0,1017.0,correct
2_raw_glossary,holdout_in,1,holdout-06,True,posting_vs_transaction_date,SELECT SUM(ft.amount) AS total_transaction_volume FROM fact_transaction ft JOIN dim_account da ON ft.account_id = da.account_id JOIN dim_date dd ON ft.posting_date = dd.date_key WHERE dd.year = 2026   AND dd.quarter = 2   AND da.is_internal = FALSE;,False,,-581106.66,1494343.27,wrong_date
2_raw_glossary,holdout_in,2,holdout-06,True,posting_vs_transaction_date,SELECT SUM(ft.amount) AS total_transaction_volume FROM fact_transaction ft JOIN dim_account da ON ft.account_id = da.account_id WHERE da.is_internal = FALSE   AND ft.posting_date BETWEEN '2026-04-01' AND '2026-06-30';,False,,-581106.66,1494343.27,wrong_date
2_raw_glossary,holdout_in,3,holdout-06,True,posting_vs_transaction_date,SELECT SUM(ft.amount) AS total_transaction_volume FROM fact_transaction ft JOIN dim_account da ON ft.account_id = da.account_id WHERE da.is_internal = FALSE   AND ft.posting_date BETWEEN '2026-04-01' AND '2026-06-30';,False,,-581106.66,1494343.27,wrong_date
2_raw_glossary,holdout_in,1,holdout-07,True,open_vs_active_account,SELECT COUNT(*) AS active_customer_count FROM dim_customer WHERE is_active = TRUE;,False,,118.0,118.0,correct
2_raw_glossary,holdout_in,2,holdout-07,True,open_vs_active_account,SELECT COUNT(*) AS active_customer_count FROM dim_customer WHERE is_active = TRUE;,False,,118.0,118.0,correct
2_raw_glossary,holdout_in,3,holdout-07,True,open_vs_active_account,SELECT COUNT(*) AS active_customers FROM dim_customer WHERE is_active = TRUE   AND signup_date <= '2026-06-30';,False,,118.0,118.0,correct
2_raw_glossary,holdout_in,1,holdout-08,True,open_vs_active_account,SELECT COUNT(DISTINCT customer_id) AS customer_count FROM dim_account WHERE status = 'open' AND is_internal = FALSE;,False,,149.0,149.0,correct
2_raw_glossary,holdout_in,2,holdout-08,True,open_vs_active_account,SELECT COUNT(DISTINCT customer_id) AS customer_count FROM dim_account WHERE status = 'open' AND is_internal = FALSE;,False,,149.0,149.0,correct
2_raw_glossary,holdout_in,3,holdout-08,True,open_vs_active_account,SELECT COUNT(DISTINCT a.customer_id) AS customer_count FROM dim_account a WHERE a.status = 'open'   AND a.is_internal = FALSE;,False,,149.0,149.0,correct
2_raw_glossary,holdout_in,1,holdout-09,True,open_vs_active_account,SELECT COUNT(*) AS active_customer_count FROM dim_customer WHERE is_active = TRUE   AND region = 'GTA-West';,False,,28.0,28.0,correct
2_raw_glossary,holdout_in,2,holdout-09,True,open_vs_active_account,SELECT COUNT(*) AS active_customer_count FROM dim_customer WHERE is_active = TRUE   AND region = 'GTA-West';,False,,28.0,28.0,correct
2_raw_glossary,holdout_in,3,holdout-09,True,open_vs_active_account,SELECT COUNT(*) AS active_customer_count FROM dim_customer WHERE is_active = TRUE   AND region = 'GTA-West';,False,,28.0,28.0,correct
2_raw_glossary,holdout_in,1,holdout-10,True,month_end_vs_avg_daily_balance,SELECT AVG(fdb.balance_amount) AS avg_daily_balance FROM fact_daily_balance fdb JOIN dim_account da ON fdb.account_id = da.account_id JOIN dim_product dp ON da.product_id = dp.product_id WHERE dp.product_type = 'deposit'   AND da.is_internal = FALSE   AND fdb.balance_date >= DATE '2026-06-01'   AND fdb.balance_date < DATE '2026-07-01';,False,,7559.498988262911,7559.5,correct
2_raw_glossary,holdout_in,2,holdout-10,True,month_end_vs_avg_daily_balance,SELECT AVG(fdb.balance_amount) AS avg_daily_deposit_balance FROM fact_daily_balance fdb JOIN dim_account da ON fdb.account_id = da.account_id JOIN dim_product dp ON da.product_id = dp.product_id WHERE dp.product_type = 'deposit'   AND da.is_internal = FALSE   AND fdb.balance_date >= DATE '2026-06-01'   AND fdb.balance_date < DATE '2026-07-01';,False,,7559.498988262911,7559.5,correct
2_raw_glossary,holdout_in,3,holdout-10,True,month_end_vs_avg_daily_balance,SELECT AVG(fdb.balance_amount) AS avg_daily_deposit_balance FROM fact_daily_balance fdb JOIN dim_account da ON fdb.account_id = da.account_id JOIN dim_product dp ON da.product_id = dp.product_id WHERE dp.product_type = 'deposit'   AND da.is_internal = FALSE   AND fdb.balance_date >= DATE '2026-06-01'   AND fdb.balance_date < DATE '2026-07-01';,False,,7559.498988262911,7559.5,correct
2_raw_glossary,holdout_in,1,holdout-11,True,month_end_vs_avg_daily_balance,SELECT SUM(fb.balance_amount) AS total_deposit_balance FROM fact_daily_balance fb JOIN dim_account da ON fb.account_id = da.account_id JOIN dim_product dp ON da.product_id = dp.product_id WHERE fb.balance_date = '2026-06-30'   AND dp.product_type = 'deposit'   AND da.is_internal = FALSE;,False,,1069364.26,1069364.26,correct
2_raw_glossary,holdout_in,2,holdout-11,True,month_end_vs_avg_daily_balance,SELECT SUM(fdb.balance_amount) AS total_deposit_balance FROM fact_daily_balance fdb JOIN dim_account da ON fdb.account_id = da.account_id JOIN dim_product dp ON da.product_id = dp.product_id WHERE fdb.balance_date = DATE '2026-06-30'   AND dp.product_type = 'deposit'   AND da.is_internal = FALSE;,False,,1069364.26,1069364.26,correct
2_raw_glossary,holdout_in,3,holdout-11,True,month_end_vs_avg_daily_balance,SELECT SUM(fdb.balance_amount) AS total_deposit_balance FROM fact_daily_balance fdb JOIN dim_account da ON fdb.account_id = da.account_id JOIN dim_product dp ON da.product_id = dp.product_id WHERE fdb.balance_date = '2026-06-30'   AND dp.product_type = 'deposit'   AND da.is_internal = FALSE;,False,,1069364.26,1069364.26,correct
2_raw_glossary,holdout_in,1,holdout-12,True,month_end_vs_avg_daily_balance,SELECT AVG(fdb.balance_amount) AS avg_daily_balance FROM fact_daily_balance fdb JOIN dim_account da ON fdb.account_id = da.account_id JOIN dim_product dp ON da.product_id = dp.product_id WHERE dp.product_type = 'deposit'   AND da.is_internal = FALSE   AND fdb.balance_date >= DATE '2026-05-01'   AND fdb.balance_date < DATE '2026-06-01',False,,7597.055565651976,7597.06,correct
2_raw_glossary,holdout_in,2,holdout-12,True,month_end_vs_avg_daily_balance,SELECT AVG(fdb.balance_amount) AS avg_daily_balance FROM fact_daily_balance fdb JOIN dim_account a ON fdb.account_id = a.account_id JOIN dim_product p ON a.product_id = p.product_id WHERE p.product_type = 'deposit'   AND a.is_internal = FALSE   AND fdb.balance_date >= DATE '2026-05-01'   AND fdb.balance_date < DATE '2026-06-01';,False,,7597.055565651976,7597.06,correct
2_raw_glossary,holdout_in,3,holdout-12,True,month_end_vs_avg_daily_balance,SELECT AVG(fdb.balance_amount) AS avg_daily_balance FROM fact_daily_balance fdb JOIN dim_account da ON fdb.account_id = da.account_id JOIN dim_product dp ON da.product_id = dp.product_id WHERE dp.product_type = 'deposit'   AND da.is_internal = FALSE   AND fdb.balance_date >= DATE '2026-05-01'   AND fdb.balance_date < DATE '2026-06-01';,False,,7597.055565651976,7597.06,correct
2_raw_glossary,holdout_in,1,holdout-13,True,written_off_loans,"WITH latest_payment AS (   SELECT lp.loan_account_id,          lp.days_past_due,          ROW_NUMBER() OVER (PARTITION BY lp.loan_account_id ORDER BY lp.payment_date DESC) AS rn   FROM fact_loan_payment lp   WHERE lp.payment_date <= DATE '2026-06-30' ) SELECT   100.0 * SUM(CASE WHEN lp.days_past_due >= 30 THEN 1 ELSE 0 END) / COUNT(*) AS delinquency_rate_pct FROM latest_payment lp JOIN dim_account a ON a.account_id = lp.loan_account_id WHERE lp.rn = 1   AND a.write_off_flag = FALSE   AND a.status = 'open'   AND a.is_internal = FALSE;",False,,10.0,10.0,correct
2_raw_glossary,holdout_in,2,holdout-13,True,written_off_loans,"WITH latest_payments AS (   SELECT loan_account_id, payment_date, days_past_due,          ROW_NUMBER() OVER (PARTITION BY loan_account_id ORDER BY payment_date DESC) AS rn   FROM fact_loan_payment   WHERE payment_date <= DATE '2026-06-30' ), current_status AS (   SELECT lp.loan_account_id, lp.days_past_due   FROM latest_payments lp   JOIN dim_account a ON a.account_id = lp.loan_account_id   WHERE lp.rn = 1     AND a.write_off_flag = FALSE ) SELECT   SUM(CASE WHEN days_past_due >= 30 THEN 1 ELSE 0 END) * 1.0 / COUNT(*) AS delinquency_rate_30plus FROM current_status;",False,,0.1,10.0,wrong_filter
2_raw_glossary,holdout_in,3,holdout-13,True,written_off_loans,"WITH last_payment AS (     SELECT lp.loan_account_id, lp.days_past_due,            ROW_NUMBER() OVER (PARTITION BY lp.loan_account_id ORDER BY lp.payment_date DESC) AS rn     FROM fact_loan_payment lp     JOIN dim_account a ON a.account_id = lp.loan_account_id     WHERE lp.payment_date <= DATE '2026-06-30'       AND a.write_off_flag = FALSE ) SELECT     100.0 * SUM(CASE WHEN days_past_due >= 30 THEN 1 ELSE 0 END) / COUNT(*) AS delinquency_rate_pct FROM last_payment WHERE rn = 1;",False,,10.0,10.0,correct
2_raw_glossary,holdout_in,1,holdout-14,True,written_off_loans,"WITH latest_payment AS (   SELECT fp.loan_account_id, fp.days_past_due,          ROW_NUMBER() OVER (PARTITION BY fp.loan_account_id ORDER BY fp.payment_date DESC) AS rn   FROM fact_loan_payment fp   WHERE fp.payment_date <= DATE '2026-06-30' ) SELECT COUNT(*) AS loans_60plus_dpd FROM latest_payment lp JOIN dim_account a ON a.account_id = lp.loan_account_id WHERE lp.rn = 1   AND lp.days_past_due >= 60   AND a.write_off_flag = FALSE;",False,,1.0,1.0,correct
2_raw_glossary,holdout_in,2,holdout-14,True,written_off_loans,"SELECT COUNT(*) AS loans_60plus_dpd FROM (     SELECT flp.loan_account_id, flp.days_past_due,            ROW_NUMBER() OVER (PARTITION BY flp.loan_account_id ORDER BY flp.payment_date DESC) AS rn     FROM fact_loan_payment flp     JOIN dim_account da ON da.account_id = flp.loan_account_id     WHERE da.write_off_flag = FALSE       AND flp.payment_date <= DATE '2026-06-30' ) t WHERE t.rn = 1   AND t.days_past_due >= 60;",False,,1.0,1.0,correct
2_raw_glossary,holdout_in,3,holdout-14,True,written_off_loans,"SELECT COUNT(*) AS loans_60plus_dpd FROM (     SELECT lp.loan_account_id, lp.days_past_due,            ROW_NUMBER() OVER (PARTITION BY lp.loan_account_id ORDER BY lp.payment_date DESC) AS rn     FROM fact_loan_payment lp     JOIN dim_account a ON a.account_id = lp.loan_account_id     WHERE a.write_off_flag = FALSE       AND lp.payment_date <= DATE '2026-06-30' ) t WHERE rn = 1   AND days_past_due >= 60;",False,,1.0,1.0,correct
2_raw_glossary,holdout_in,1,holdout-15,True,reversed_transactions,SELECT SUM(ft.amount) AS total_transaction_volume FROM fact_transaction ft JOIN dim_account da ON ft.account_id = da.account_id WHERE EXTRACT(YEAR FROM ft.transaction_date) = 2025   AND da.is_internal = FALSE;,False,,-1130455.29,2879515.55,wrong_filter
2_raw_glossary,holdout_in,2,holdout-15,True,reversed_transactions,SELECT SUM(ft.amount) AS net_transaction_volume_2025 FROM fact_transaction ft JOIN dim_account da ON ft.account_id = da.account_id WHERE da.is_internal = FALSE   AND ft.transaction_date >= DATE '2025-01-01'   AND ft.transaction_date < DATE '2026-01-01';,False,,-1130455.29,2879515.55,wrong_filter
2_raw_glossary,holdout_in,3,holdout-15,True,reversed_transactions,SELECT SUM(ft.amount) AS total_transaction_volume FROM fact_transaction ft JOIN dim_account da ON ft.account_id = da.account_id WHERE EXTRACT(YEAR FROM ft.transaction_date) = 2025   AND da.is_internal = FALSE;,False,,-1130455.29,2879515.55,wrong_filter
2_raw_glossary,holdout_in,1,holdout-16,True,reversed_transactions,SELECT COUNT(*) AS transactions_later_reversed FROM fact_transaction t JOIN dim_account a ON t.account_id = a.account_id WHERE t.transaction_date >= DATE '2025-01-01'   AND t.transaction_date < DATE '2026-01-01'   AND a.is_internal = FALSE   AND EXISTS (       SELECT 1       FROM fact_transaction r       WHERE r.reversal_of_transaction_id = t.transaction_id         AND r.is_reversal = TRUE         AND r.transaction_date > t.transaction_date   );,False,,60.0,64.0,wrong_filter
2_raw_glossary,holdout_in,2,holdout-16,True,reversed_transactions,SELECT COUNT(*) AS reversed_transaction_count FROM fact_transaction t JOIN fact_transaction r   ON r.reversal_of_transaction_id = t.transaction_id   AND r.is_reversal = TRUE JOIN dim_account a   ON a.account_id = t.account_id WHERE EXTRACT(YEAR FROM t.transaction_date) = 2025   AND a.is_internal = FALSE;,False,,60.0,64.0,wrong_filter
2_raw_glossary,holdout_in,3,holdout-16,True,reversed_transactions,SELECT COUNT(DISTINCT t.transaction_id) AS reversed_transaction_count FROM fact_transaction t JOIN fact_transaction r ON r.reversal_of_transaction_id = t.transaction_id WHERE EXTRACT(YEAR FROM t.transaction_date) = 2025;,False,,64.0,64.0,correct
2_raw_glossary,holdout_in,1,holdout-17,True,internal_accounts,SELECT SUM(ft.amount) AS total_transaction_volume FROM fact_transaction ft JOIN dim_account da ON ft.account_id = da.account_id WHERE da.is_internal = FALSE   AND EXTRACT(YEAR FROM ft.transaction_date) = 2025;,False,,-1130455.29,2746989.32,wrong_filter
2_raw_glossary,holdout_in,2,holdout-17,True,internal_accounts,SELECT SUM(ft.amount) AS total_transaction_volume FROM fact_transaction ft JOIN dim_account da ON ft.account_id = da.account_id WHERE da.is_internal = FALSE   AND EXTRACT(YEAR FROM ft.transaction_date) = 2025;,False,,-1130455.29,2746989.32,wrong_filter
2_raw_glossary,holdout_in,3,holdout-17,True,internal_accounts,SELECT SUM(t.amount) AS total_transaction_volume FROM fact_transaction t JOIN dim_account a ON t.account_id = a.account_id WHERE a.is_internal = FALSE   AND EXTRACT(YEAR FROM t.transaction_date) = 2025;,False,,-1130455.29,2746989.32,wrong_filter
2_raw_glossary,holdout_in,1,holdout-18,True,internal_accounts,SELECT COUNT(*) AS transaction_count FROM fact_transaction t JOIN dim_account a ON t.account_id = a.account_id WHERE a.is_internal = FALSE   AND EXTRACT(YEAR FROM t.transaction_date) = 2025;,False,,2749.0,2749.0,correct
2_raw_glossary,holdout_in,2,holdout-18,True,internal_accounts,SELECT COUNT(*) AS transaction_count FROM fact_transaction t JOIN dim_account a ON t.account_id = a.account_id WHERE a.is_internal = FALSE   AND EXTRACT(YEAR FROM t.transaction_date) = 2025;,False,,2749.0,2749.0,correct
2_raw_glossary,holdout_in,3,holdout-18,True,internal_accounts,SELECT COUNT(*) AS transaction_count FROM fact_transaction t JOIN dim_account a ON t.account_id = a.account_id WHERE a.is_internal = FALSE   AND EXTRACT(YEAR FROM t.transaction_date) = 2025;,False,,2749.0,2749.0,correct
2_raw_glossary,holdout_in,1,holdout-19,True,customer_vs_branch_location,SELECT SUM(ft.amount) AS total_transaction_volume FROM fact_transaction ft JOIN dim_account da ON ft.account_id = da.account_id JOIN dim_branch db ON da.home_branch_id = db.branch_id WHERE db.branch_name = 'Ottawa Downtown'   AND EXTRACT(YEAR FROM ft.transaction_date) = 2025   AND da.is_internal = FALSE;,False,,-136443.2,395628.1,wrong_join
2_raw_glossary,holdout_in,2,holdout-19,True,customer_vs_branch_location,SELECT SUM(t.amount) AS total_transaction_volume FROM fact_transaction t JOIN dim_account a ON t.account_id = a.account_id JOIN dim_branch b ON a.home_branch_id = b.branch_id WHERE b.branch_name = 'Ottawa Downtown'   AND EXTRACT(YEAR FROM t.transaction_date) = 2025   AND a.is_internal = FALSE;,False,,-136443.2,395628.1,wrong_join
2_raw_glossary,holdout_in,3,holdout-19,True,customer_vs_branch_location,SELECT SUM(ft.amount) AS total_transaction_volume FROM fact_transaction ft JOIN dim_account da ON ft.account_id = da.account_id JOIN dim_branch db ON da.home_branch_id = db.branch_id WHERE db.branch_name = 'Ottawa Downtown'   AND da.is_internal = FALSE   AND EXTRACT(YEAR FROM ft.transaction_date) = 2025;,False,,-136443.2,395628.1,wrong_join
2_raw_glossary,holdout_in,1,holdout-20,True,customer_vs_branch_location,SELECT COUNT(*) AS transaction_count FROM fact_transaction t JOIN dim_branch b ON t.branch_id = b.branch_id WHERE b.branch_name = 'King Street'   AND EXTRACT(YEAR FROM t.transaction_date) = 2025;,False,,438.0,437.0,correct
2_raw_glossary,holdout_in,2,holdout-20,True,customer_vs_branch_location,SELECT COUNT(*) AS transaction_count FROM fact_transaction ft JOIN dim_branch db ON ft.branch_id = db.branch_id WHERE db.branch_name = 'King Street'   AND EXTRACT(YEAR FROM ft.transaction_date) = 2025;,False,,438.0,437.0,correct
2_raw_glossary,holdout_in,3,holdout-20,True,customer_vs_branch_location,SELECT COUNT(*) AS transaction_count FROM fact_transaction t JOIN dim_branch b ON t.branch_id = b.branch_id WHERE b.branch_name = 'King Street'   AND EXTRACT(YEAR FROM t.transaction_date) = 2025;,False,,438.0,437.0,correct
2_raw_glossary,holdout_oos,1,oos-holdout-01,False,,,True,,,,appropriate_refusal
2_raw_glossary,holdout_oos,2,oos-holdout-01,False,,,True,,,,appropriate_refusal
2_raw_glossary,holdout_oos,3,oos-holdout-01,False,,,True,,,,appropriate_refusal
2_raw_glossary,holdout_oos,1,oos-holdout-02,False,,,True,,,,appropriate_refusal
2_raw_glossary,holdout_oos,2,oos-holdout-02,False,,,True,,,,appropriate_refusal
2_raw_glossary,holdout_oos,3,oos-holdout-02,False,,,True,,,,appropriate_refusal
2_raw_glossary,holdout_oos,1,oos-holdout-03,False,,,True,,,,appropriate_refusal
2_raw_glossary,holdout_oos,2,oos-holdout-03,False,,,True,,,,appropriate_refusal
2_raw_glossary,holdout_oos,3,oos-holdout-03,False,,,True,,,,appropriate_refusal
2_raw_glossary,holdout_oos,1,oos-holdout-04,False,,,True,,,,appropriate_refusal
2_raw_glossary,holdout_oos,2,oos-holdout-04,False,,,True,,,,appropriate_refusal
2_raw_glossary,holdout_oos,3,oos-holdout-04,False,,,True,,,,appropriate_refusal
2_raw_glossary,holdout_oos,1,oos-holdout-05,False,,,True,,,,appropriate_refusal
2_raw_glossary,holdout_oos,2,oos-holdout-05,False,,,True,,,,appropriate_refusal
2_raw_glossary,holdout_oos,3,oos-holdout-05,False,,,True,,,,appropriate_refusal
2_raw_glossary,holdout_oos,1,oos-holdout-06,False,,,True,,,,appropriate_refusal
2_raw_glossary,holdout_oos,2,oos-holdout-06,False,,,True,,,,appropriate_refusal
2_raw_glossary,holdout_oos,3,oos-holdout-06,False,,,True,,,,appropriate_refusal
2_raw_glossary,holdout_oos,1,oos-holdout-07,False,,,True,,,,appropriate_refusal
2_raw_glossary,holdout_oos,2,oos-holdout-07,False,,,True,,,,appropriate_refusal
2_raw_glossary,holdout_oos,3,oos-holdout-07,False,,,True,,,,appropriate_refusal
2_raw_glossary,holdout_oos,1,oos-holdout-08,False,,,True,,,,appropriate_refusal
2_raw_glossary,holdout_oos,2,oos-holdout-08,False,,,True,,,,appropriate_refusal
2_raw_glossary,holdout_oos,3,oos-holdout-08,False,,,True,,,,appropriate_refusal
3_governed,dev_in,1,dev-01,True,gross_vs_net_revenue,"SELECT COALESCE(SUM(CASE WHEN fee_waived = FALSE THEN amount ELSE 0 END), 0) AS net_fee_revenue FROM fct_transactions WHERE transaction_type = 'FEE'   AND transaction_date >= DATE '2026-01-01'   AND transaction_date < DATE '2026-04-01';",False,,0.0,3756.58,wrong_metric
3_governed,dev_in,2,dev-01,True,gross_vs_net_revenue,SELECT SUM(amount) AS total_net_fee_revenue FROM fct_transactions WHERE transaction_type = 'fee'   AND fee_waived = FALSE   AND transaction_date >= DATE '2026-01-01'   AND transaction_date <= DATE '2026-03-31';,False,,-3622.99,3756.58,wrong_metric
3_governed,dev_in,3,dev-01,True,gross_vs_net_revenue,,True,,,3756.58,inappropriate_refusal
3_governed,dev_in,1,dev-02,True,gross_vs_net_revenue,SELECT SUM(amount) AS total_gross_fee_revenue FROM fct_transactions WHERE LOWER(transaction_type) = 'fee'   AND EXTRACT(YEAR FROM transaction_date) = 2025;,False,,-17671.81,18385.17,wrong_metric
3_governed,dev_in,2,dev-02,True,gross_vs_net_revenue,SELECT SUM(amount) AS total_gross_fee_revenue FROM fct_transactions WHERE transaction_type = 'FEE'   AND EXTRACT(YEAR FROM transaction_date) = 2025;,False,,,18385.17,wrong_filter
3_governed,dev_in,3,dev-02,True,gross_vs_net_revenue,,True,,,18385.17,inappropriate_refusal
3_governed,dev_in,1,dev-03,True,gross_vs_net_revenue,,True,,,1624.62,inappropriate_refusal
3_governed,dev_in,2,dev-03,True,gross_vs_net_revenue,,True,,,1624.62,inappropriate_refusal
3_governed,dev_in,3,dev-03,True,gross_vs_net_revenue,,True,,,1624.62,inappropriate_refusal
3_governed,dev_in,1,dev-04,True,posting_vs_transaction_date,SELECT COUNT(*) AS transaction_count FROM fct_transactions WHERE posting_date >= DATE '2025-01-01' AND posting_date < DATE '2025-04-01';,False,,458.0,470.0,wrong_date
3_governed,dev_in,2,dev-04,True,posting_vs_transaction_date,SELECT COUNT(*) AS transaction_count FROM fct_transactions WHERE posting_date >= DATE '2025-01-01' AND posting_date < DATE '2025-04-01';,False,,458.0,470.0,wrong_date
3_governed,dev_in,3,dev-04,True,posting_vs_transaction_date,SELECT COUNT(*) AS transaction_count FROM fct_transactions WHERE posting_date >= DATE '2025-01-01' AND posting_date < DATE '2025-04-01';,False,,458.0,470.0,wrong_date
3_governed,dev_in,1,dev-05,True,posting_vs_transaction_date,SELECT COUNT(*) AS transaction_count FROM fct_transactions WHERE transaction_date >= DATE '2025-01-01' AND transaction_date < DATE '2025-04-01';,False,,458.0,468.0,wrong_date
3_governed,dev_in,2,dev-05,True,posting_vs_transaction_date,SELECT COUNT(*) AS transaction_count FROM fct_transactions WHERE transaction_date >= DATE '2025-01-01' AND transaction_date < DATE '2025-04-01';,False,,458.0,468.0,wrong_date
3_governed,dev_in,3,dev-05,True,posting_vs_transaction_date,SELECT COUNT(*) AS transaction_count FROM fct_transactions WHERE transaction_date >= DATE '2025-01-01' AND transaction_date < DATE '2025-04-01';,False,,458.0,468.0,wrong_date
3_governed,dev_in,1,dev-06,True,posting_vs_transaction_date,SELECT SUM(amount) AS total_transaction_volume FROM fct_transactions WHERE transaction_date >= '2025-07-01' AND transaction_date < '2025-10-01';,False,,-249021.03,647182.53,wrong_date
3_governed,dev_in,2,dev-06,True,posting_vs_transaction_date,SELECT SUM(amount) AS total_transaction_volume FROM fct_transactions WHERE transaction_date >= '2025-07-01' AND transaction_date < '2025-10-01';,False,,-249021.03,647182.53,wrong_date
3_governed,dev_in,3,dev-06,True,posting_vs_transaction_date,SELECT SUM(amount) AS total_transaction_volume FROM fct_transactions WHERE transaction_date >= '2025-07-01' AND transaction_date < '2025-10-01';,False,,-249021.03,647182.53,wrong_date
3_governed,dev_in,1,dev-07,True,open_vs_active_account,SELECT COUNT(*) AS active_customer_count FROM dim_customers WHERE is_active = TRUE AND region = 'Eastern-ON';,False,,45.0,45.0,correct
3_governed,dev_in,2,dev-07,True,open_vs_active_account,SELECT COUNT(*) AS active_customer_count FROM dim_customers WHERE is_active = TRUE AND region = 'Eastern-ON';,False,,45.0,45.0,correct
3_governed,dev_in,3,dev-07,True,open_vs_active_account,SELECT COUNT(*) AS active_customer_count FROM dim_customers WHERE is_active = TRUE AND region = 'Eastern-ON';,False,,45.0,45.0,correct
3_governed,dev_in,1,dev-08,True,open_vs_active_account,,True,,,55.0,inappropriate_refusal
3_governed,dev_in,2,dev-08,True,open_vs_active_account,,True,,,55.0,inappropriate_refusal
3_governed,dev_in,3,dev-08,True,open_vs_active_account,,True,,,55.0,inappropriate_refusal
3_governed,dev_in,1,dev-09,True,open_vs_active_account,SELECT COUNT(*) AS active_customers FROM dim_customers WHERE is_active = TRUE AND region = 'GTA-Central';,False,,45.0,45.0,correct
3_governed,dev_in,2,dev-09,True,open_vs_active_account,SELECT COUNT(*) AS active_customer_count FROM dim_customers WHERE is_active = TRUE AND region = 'GTA-Central';,False,,45.0,45.0,correct
3_governed,dev_in,3,dev-09,True,open_vs_active_account,SELECT COUNT(*) AS active_customer_count FROM dim_customers WHERE is_active = TRUE   AND region = 'GTA-Central';,False,,45.0,45.0,correct
3_governed,dev_in,1,dev-10,True,month_end_vs_avg_daily_balance,SELECT AVG(avg_daily_balance) AS avg_daily_deposit_balance FROM fct_account_balances_monthly WHERE month_start >= DATE '2026-01-01' AND month_start < DATE '2026-04-01';,False,,7267.5323247549795,7269.79,correct
3_governed,dev_in,2,dev-10,True,month_end_vs_avg_daily_balance,SELECT AVG(avg_daily_balance) AS avg_daily_deposit_balance FROM fct_account_balances_monthly WHERE month_start >= DATE '2026-01-01' AND month_start < DATE '2026-04-01';,False,,7267.5323247549795,7269.79,correct
3_governed,dev_in,3,dev-10,True,month_end_vs_avg_daily_balance,SELECT AVG(avg_daily_balance) AS avg_daily_deposit_balance FROM fct_account_balances_monthly WHERE month_start >= '2026-01-01' AND month_start < '2026-04-01';,False,,7267.5323247549795,7269.79,correct
3_governed,dev_in,1,dev-11,True,month_end_vs_avg_daily_balance,SELECT SUM(month_end_balance) AS total_deposit_balance FROM fct_account_balances_monthly WHERE month_start = '2026-03-01';,False,,1055399.87,1055399.87,correct
3_governed,dev_in,2,dev-11,True,month_end_vs_avg_daily_balance,SELECT SUM(month_end_balance) AS total_deposit_balance FROM fct_account_balances_monthly WHERE month_start = '2026-03-01';,False,,1055399.87,1055399.87,correct
3_governed,dev_in,3,dev-11,True,month_end_vs_avg_daily_balance,SELECT SUM(month_end_balance) AS total_deposit_balance FROM fct_account_balances_monthly WHERE month_start = '2026-03-01';,False,,1055399.87,1055399.87,correct
3_governed,dev_in,1,dev-12,True,month_end_vs_avg_daily_balance,,True,,,7399.54,inappropriate_refusal
3_governed,dev_in,2,dev-12,True,month_end_vs_avg_daily_balance,SELECT AVG(avg_daily_balance) AS avg_daily_balance FROM fct_account_balances_monthly WHERE month_start = '2026-04-01';,False,,7399.537910798122,7399.54,correct
3_governed,dev_in,3,dev-12,True,month_end_vs_avg_daily_balance,,True,,,7399.54,inappropriate_refusal
3_governed,dev_in,1,dev-13,True,written_off_loans,"SELECT     COUNT(*) FILTER (WHERE days_past_due >= 30) AS delinquent_loans,     COUNT(*) AS total_active_loans,     ROUND(100.0 * COUNT(*) FILTER (WHERE days_past_due >= 30) / NULLIF(COUNT(*), 0), 2) AS delinquency_rate_pct FROM fct_loans_monthly WHERE month_start = DATE '2026-03-01'   AND write_off_flag = FALSE;",False,,,3.85,wrong_grain
3_governed,dev_in,2,dev-13,True,written_off_loans,"SELECT   COUNT(*) FILTER (WHERE days_past_due >= 30) AS delinquent_loans,   COUNT(*) AS total_active_loans,   ROUND(100.0 * COUNT(*) FILTER (WHERE days_past_due >= 30) / NULLIF(COUNT(*), 0), 2) AS delinquency_rate_pct FROM fct_loans_monthly WHERE month_start = DATE '2026-03-01'   AND write_off_flag = FALSE;",False,,,3.85,wrong_grain
3_governed,dev_in,3,dev-13,True,written_off_loans,"SELECT   COUNT(*) FILTER (WHERE days_past_due >= 30) AS delinquent_loans,   COUNT(*) AS total_loans,   COUNT(*) FILTER (WHERE days_past_due >= 30) * 1.0 / NULLIF(COUNT(*), 0) AS delinquency_rate FROM fct_loans_monthly WHERE month_start = '2026-03-01'   AND (write_off_flag IS NULL OR write_off_flag = FALSE);",False,,,3.85,wrong_grain
3_governed,dev_in,1,dev-14,True,written_off_loans,SELECT COUNT(*) AS loans_60plus_dpd FROM fct_loans_monthly WHERE month_start = '2026-03-01'   AND days_past_due >= 60   AND write_off_flag = FALSE;,False,,1.0,1.0,correct
3_governed,dev_in,2,dev-14,True,written_off_loans,SELECT COUNT(*) AS loans_60plus_dpd FROM fct_loans_monthly WHERE month_start = '2026-03-01'   AND days_past_due >= 60   AND write_off_flag = FALSE;,False,,1.0,1.0,correct
3_governed,dev_in,3,dev-14,True,written_off_loans,SELECT COUNT(*) AS loans_60_plus_dpd FROM fct_loans_monthly WHERE month_start = '2026-03-01'   AND days_past_due >= 60   AND write_off_flag = FALSE;,False,,1.0,1.0,correct
3_governed,dev_in,1,dev-15,True,written_off_loans,SELECT COUNT(DISTINCT loan_account_id) AS loans_written_off FROM fct_loans_monthly WHERE write_off_flag = TRUE   AND month_start <= DATE '2026-06-01';,False,,10.0,10.0,correct
3_governed,dev_in,2,dev-15,True,written_off_loans,SELECT COUNT(DISTINCT loan_account_id) AS loans_written_off FROM fct_loans_monthly WHERE write_off_flag = TRUE   AND month_start <= DATE '2026-06-01';,False,,10.0,10.0,correct
3_governed,dev_in,3,dev-15,True,written_off_loans,SELECT COUNT(DISTINCT loan_account_id) AS written_off_loans FROM fct_loans_monthly WHERE write_off_flag = TRUE   AND month_start <= '2026-06-01';,False,,10.0,10.0,correct
3_governed,dev_in,1,dev-16,True,reversed_transactions,SELECT SUM(amount) AS net_transaction_volume_2024 FROM fct_transactions WHERE EXTRACT(YEAR FROM transaction_date) = 2024;,False,,-253569.4,723988.69,wrong_filter
3_governed,dev_in,2,dev-16,True,reversed_transactions,SELECT SUM(CASE WHEN transaction_type = 'REVERSAL' THEN -amount ELSE amount END) AS net_transaction_volume FROM fct_transactions WHERE EXTRACT(YEAR FROM transaction_date) = 2024;,False,,-253569.4,723988.69,wrong_filter
3_governed,dev_in,3,dev-16,True,reversed_transactions,SELECT SUM(amount) AS net_transaction_volume_2024 FROM fct_transactions WHERE EXTRACT(YEAR FROM transaction_date) = 2024;,False,,-253569.4,723988.69,wrong_filter
3_governed,dev_in,1,dev-17,True,reversed_transactions,,True,,,23.0,inappropriate_refusal
3_governed,dev_in,2,dev-17,True,reversed_transactions,,True,,,23.0,inappropriate_refusal
3_governed,dev_in,3,dev-17,True,reversed_transactions,,True,,,23.0,inappropriate_refusal
3_governed,dev_in,1,dev-18,True,reversed_transactions,SELECT SUM(amount) AS total_transaction_volume FROM fct_transactions WHERE EXTRACT(YEAR FROM transaction_date) = 2025;,False,,-1129274.28,3039189.26,wrong_filter
3_governed,dev_in,2,dev-18,True,reversed_transactions,SELECT SUM(amount) AS total_transaction_volume FROM fct_transactions WHERE EXTRACT(YEAR FROM transaction_date) = 2025;,False,,-1129274.28,3039189.26,wrong_filter
3_governed,dev_in,3,dev-18,True,reversed_transactions,SELECT SUM(amount) AS total_transaction_volume FROM fct_transactions WHERE transaction_date >= '2025-01-01' AND transaction_date < '2026-01-01';,False,,-1129274.28,3039189.26,wrong_filter
3_governed,dev_in,1,dev-19,True,internal_accounts,SELECT SUM(amount) AS total_transaction_volume FROM fct_transactions WHERE transaction_date >= '2024-01-01' AND transaction_date < '2025-01-01';,False,,-253569.4,580332.14,wrong_filter
3_governed,dev_in,2,dev-19,True,internal_accounts,SELECT SUM(amount) AS total_transaction_volume FROM fct_transactions WHERE transaction_date >= '2024-01-01' AND transaction_date < '2025-01-01';,False,,-253569.4,580332.14,wrong_filter
3_governed,dev_in,3,dev-19,True,internal_accounts,SELECT SUM(amount) AS total_transaction_volume FROM fct_transactions WHERE transaction_date >= '2024-01-01' AND transaction_date < '2025-01-01';,False,,-253569.4,580332.14,wrong_filter
3_governed,dev_in,1,dev-20,True,internal_accounts,SELECT COUNT(*) AS transaction_count FROM fct_transactions WHERE EXTRACT(YEAR FROM transaction_date) = 2024;,False,,557.0,597.0,wrong_filter
3_governed,dev_in,2,dev-20,True,internal_accounts,SELECT COUNT(*) AS transaction_count FROM fct_transactions WHERE EXTRACT(YEAR FROM transaction_date) = 2024;,False,,557.0,597.0,wrong_filter
3_governed,dev_in,3,dev-20,True,internal_accounts,SELECT COUNT(*) AS transaction_count FROM fct_transactions WHERE transaction_date >= DATE '2024-01-01'   AND transaction_date < DATE '2025-01-01';,False,,557.0,597.0,wrong_filter
3_governed,dev_in,1,dev-21,True,internal_accounts,SELECT COUNT(*) AS transaction_count FROM fct_transactions WHERE EXTRACT(YEAR FROM transaction_date) = 2025;,False,,2628.0,2884.0,wrong_filter
3_governed,dev_in,2,dev-21,True,internal_accounts,SELECT COUNT(*) AS transaction_count FROM fct_transactions WHERE EXTRACT(YEAR FROM transaction_date) = 2025;,False,,2628.0,2884.0,wrong_filter
3_governed,dev_in,3,dev-21,True,internal_accounts,SELECT COUNT(*) AS transaction_count FROM fct_transactions WHERE EXTRACT(YEAR FROM transaction_date) = 2025;,False,,2628.0,2884.0,wrong_filter
3_governed,dev_in,1,dev-22,True,customer_vs_branch_location,SELECT SUM(amount) AS total_transaction_volume FROM fct_transactions WHERE home_branch_name = 'Mississauga West'   AND transaction_date >= DATE '2025-01-01'   AND transaction_date < DATE '2026-01-01';,False,,-104875.44,223804.08,wrong_join
3_governed,dev_in,2,dev-22,True,customer_vs_branch_location,SELECT SUM(amount) AS total_transaction_volume FROM fct_transactions WHERE home_branch_name = 'Mississauga West'   AND transaction_date >= DATE '2025-01-01'   AND transaction_date < DATE '2026-01-01';,False,,-104875.44,223804.08,wrong_join
3_governed,dev_in,3,dev-22,True,customer_vs_branch_location,SELECT SUM(amount) AS total_transaction_volume FROM fct_transactions WHERE home_branch_name = 'Mississauga West'   AND EXTRACT(YEAR FROM transaction_date) = 2025;,False,,-104875.44,223804.08,wrong_join
3_governed,dev_in,1,dev-23,True,customer_vs_branch_location,SELECT COUNT(*) AS transaction_count FROM fct_transactions WHERE transaction_branch_name = 'Kanata'   AND transaction_date >= DATE '2025-01-01'   AND transaction_date < DATE '2026-01-01';,False,,607.0,631.0,wrong_join
3_governed,dev_in,2,dev-23,True,customer_vs_branch_location,SELECT COUNT(*) AS transaction_count FROM fct_transactions WHERE transaction_branch_name = 'Kanata'   AND transaction_date >= DATE '2025-01-01'   AND transaction_date < DATE '2026-01-01';,False,,607.0,631.0,wrong_join
3_governed,dev_in,3,dev-23,True,customer_vs_branch_location,SELECT COUNT(*) AS transaction_count FROM fct_transactions WHERE transaction_branch_name = 'Kanata'   AND transaction_date >= DATE '2025-01-01'   AND transaction_date < DATE '2026-01-01';,False,,607.0,631.0,wrong_join
3_governed,dev_in,1,dev-24,True,customer_vs_branch_location,SELECT SUM(amount) AS total_transaction_volume FROM fct_transactions WHERE home_branch_name = 'Brampton North'   AND transaction_date >= DATE '2025-01-01'   AND transaction_date < DATE '2026-01-01';,False,,-227623.95,495368.37,wrong_join
3_governed,dev_in,2,dev-24,True,customer_vs_branch_location,SELECT SUM(amount) AS total_transaction_volume FROM fct_transactions WHERE home_branch_name = 'Brampton North'   AND transaction_date >= DATE '2025-01-01'   AND transaction_date < DATE '2026-01-01';,False,,-227623.95,495368.37,wrong_join
3_governed,dev_in,3,dev-24,True,customer_vs_branch_location,SELECT SUM(amount) AS total_transaction_volume FROM fct_transactions WHERE home_branch_name = 'Brampton North'   AND transaction_date >= DATE '2025-01-01'   AND transaction_date < DATE '2026-01-01';,False,,-227623.95,495368.37,wrong_join
3_governed,dev_oos,1,oos-dev-01,False,,,True,,,,appropriate_refusal
3_governed,dev_oos,2,oos-dev-01,False,,,True,,,,appropriate_refusal
3_governed,dev_oos,3,oos-dev-01,False,,,True,,,,appropriate_refusal
3_governed,dev_oos,1,oos-dev-02,False,,,True,,,,appropriate_refusal
3_governed,dev_oos,2,oos-dev-02,False,,,True,,,,appropriate_refusal
3_governed,dev_oos,3,oos-dev-02,False,,,True,,,,appropriate_refusal
3_governed,dev_oos,1,oos-dev-03,False,,,True,,,,appropriate_refusal
3_governed,dev_oos,2,oos-dev-03,False,,,True,,,,appropriate_refusal
3_governed,dev_oos,3,oos-dev-03,False,,,True,,,,appropriate_refusal
3_governed,dev_oos,1,oos-dev-04,False,,,True,,,,appropriate_refusal
3_governed,dev_oos,2,oos-dev-04,False,,,True,,,,appropriate_refusal
3_governed,dev_oos,3,oos-dev-04,False,,,True,,,,appropriate_refusal
3_governed,holdout_in,1,holdout-01,True,gross_vs_net_revenue,,True,,,3403.23,inappropriate_refusal
3_governed,holdout_in,2,holdout-01,True,gross_vs_net_revenue,,True,,,3403.23,inappropriate_refusal
3_governed,holdout_in,3,holdout-01,True,gross_vs_net_revenue,,True,,,3403.23,inappropriate_refusal
3_governed,holdout_in,1,holdout-02,True,gross_vs_net_revenue,,True,,,14709.7,inappropriate_refusal
3_governed,holdout_in,2,holdout-02,True,gross_vs_net_revenue,,True,,,14709.7,inappropriate_refusal
3_governed,holdout_in,3,holdout-02,True,gross_vs_net_revenue,,True,,,14709.7,inappropriate_refusal
3_governed,holdout_in,1,holdout-03,True,gross_vs_net_revenue,,True,,,3202.25,inappropriate_refusal
3_governed,holdout_in,2,holdout-03,True,gross_vs_net_revenue,,True,,,3202.25,inappropriate_refusal
3_governed,holdout_in,3,holdout-03,True,gross_vs_net_revenue,,True,,,3202.25,inappropriate_refusal
3_governed,holdout_in,1,holdout-04,True,posting_vs_transaction_date,SELECT COUNT(*) AS transaction_count FROM fct_transactions WHERE posting_date >= DATE '2025-10-01' AND posting_date < DATE '2026-01-01';,False,,958.0,1007.0,wrong_date
3_governed,holdout_in,2,holdout-04,True,posting_vs_transaction_date,SELECT COUNT(*) AS transaction_count FROM fct_transactions WHERE posting_date >= DATE '2025-10-01' AND posting_date <= DATE '2025-12-31';,False,,958.0,1007.0,wrong_date
3_governed,holdout_in,3,holdout-04,True,posting_vs_transaction_date,SELECT COUNT(*) AS transaction_count FROM fct_transactions WHERE posting_date >= DATE '2025-10-01' AND posting_date <= DATE '2025-12-31';,False,,958.0,1007.0,wrong_date
3_governed,holdout_in,1,holdout-05,True,posting_vs_transaction_date,SELECT COUNT(*) AS transaction_count FROM fct_transactions WHERE transaction_date >= DATE '2025-10-01'   AND transaction_date < DATE '2026-01-01',False,,966.0,1017.0,wrong_date
3_governed,holdout_in,2,holdout-05,True,posting_vs_transaction_date,SELECT COUNT(*) AS transaction_count FROM fct_transactions WHERE transaction_date >= '2025-10-01' AND transaction_date <= '2025-12-31';,False,,966.0,1017.0,wrong_date
3_governed,holdout_in,3,holdout-05,True,posting_vs_transaction_date,SELECT COUNT(*) AS transaction_count FROM fct_transactions WHERE transaction_date >= '2025-10-01' AND transaction_date <= '2025-12-31';,False,,966.0,1017.0,wrong_date
3_governed,holdout_in,1,holdout-06,True,posting_vs_transaction_date,SELECT SUM(amount) AS total_transaction_volume FROM fct_transactions WHERE posting_date >= '2026-04-01' AND posting_date < '2026-07-01';,False,,-580256.63,1494343.27,wrong_date
3_governed,holdout_in,2,holdout-06,True,posting_vs_transaction_date,SELECT SUM(amount) AS total_transaction_volume FROM fct_transactions WHERE posting_date >= '2026-04-01' AND posting_date < '2026-07-01';,False,,-580256.63,1494343.27,wrong_date
3_governed,holdout_in,3,holdout-06,True,posting_vs_transaction_date,SELECT SUM(amount) AS total_transaction_volume FROM fct_transactions WHERE posting_date >= '2026-04-01' AND posting_date < '2026-07-01';,False,,-580256.63,1494343.27,wrong_date
3_governed,holdout_in,1,holdout-07,True,open_vs_active_account,SELECT COUNT(*) AS active_customer_count FROM dim_customers WHERE is_active = TRUE   AND signup_date <= DATE '2026-06-30';,False,,118.0,118.0,correct
3_governed,holdout_in,2,holdout-07,True,open_vs_active_account,SELECT COUNT(*) AS active_customer_count FROM dim_customers WHERE is_active = TRUE   AND signup_date <= DATE '2026-06-30';,False,,118.0,118.0,correct
3_governed,holdout_in,3,holdout-07,True,open_vs_active_account,SELECT COUNT(*) AS active_customer_count FROM dim_customers WHERE is_active = TRUE   AND signup_date <= DATE '2026-06-30';,False,,118.0,118.0,correct
3_governed,holdout_in,1,holdout-08,True,open_vs_active_account,,True,,,149.0,inappropriate_refusal
3_governed,holdout_in,2,holdout-08,True,open_vs_active_account,,True,,,149.0,inappropriate_refusal
3_governed,holdout_in,3,holdout-08,True,open_vs_active_account,,True,,,149.0,inappropriate_refusal
3_governed,holdout_in,1,holdout-09,True,open_vs_active_account,SELECT COUNT(*) AS active_customer_count FROM dim_customers WHERE is_active = TRUE AND region = 'GTA-West';,False,,28.0,28.0,correct
3_governed,holdout_in,2,holdout-09,True,open_vs_active_account,SELECT COUNT(*) AS active_customer_count FROM dim_customers WHERE is_active = TRUE AND region = 'GTA-West';,False,,28.0,28.0,correct
3_governed,holdout_in,3,holdout-09,True,open_vs_active_account,SELECT COUNT(*) AS active_customer_count FROM dim_customers WHERE is_active = TRUE AND region = 'GTA-West';,False,,28.0,28.0,correct
3_governed,holdout_in,1,holdout-10,True,month_end_vs_avg_daily_balance,SELECT AVG(avg_daily_balance) AS avg_daily_deposit_balance FROM fct_account_balances_monthly WHERE month_start = '2026-06-01';,False,,7559.4989882629125,7559.5,correct
3_governed,holdout_in,2,holdout-10,True,month_end_vs_avg_daily_balance,SELECT AVG(avg_daily_balance) AS avg_daily_deposit_balance FROM fct_account_balances_monthly WHERE month_start = '2026-06-01';,False,,7559.4989882629125,7559.5,correct
3_governed,holdout_in,3,holdout-10,True,month_end_vs_avg_daily_balance,SELECT AVG(avg_daily_balance) AS avg_daily_deposit_balance FROM fct_account_balances_monthly WHERE month_start = '2026-06-01';,False,,7559.4989882629125,7559.5,correct
3_governed,holdout_in,1,holdout-11,True,month_end_vs_avg_daily_balance,SELECT SUM(month_end_balance) AS total_deposit_balance FROM fct_account_balances_monthly WHERE month_start = '2026-06-01';,False,,1069364.26,1069364.26,correct
3_governed,holdout_in,2,holdout-11,True,month_end_vs_avg_daily_balance,SELECT SUM(month_end_balance) AS total_deposit_balance FROM fct_account_balances_monthly WHERE month_start = '2026-06-01';,False,,1069364.26,1069364.26,correct
3_governed,holdout_in,3,holdout-11,True,month_end_vs_avg_daily_balance,SELECT SUM(month_end_balance) AS total_deposit_balance FROM fct_account_balances_monthly WHERE month_start = '2026-06-01';,False,,1069364.26,1069364.26,correct
3_governed,holdout_in,1,holdout-12,True,month_end_vs_avg_daily_balance,,True,,,7597.06,inappropriate_refusal
3_governed,holdout_in,2,holdout-12,True,month_end_vs_avg_daily_balance,,True,,,7597.06,inappropriate_refusal
3_governed,holdout_in,3,holdout-12,True,month_end_vs_avg_daily_balance,,True,,,7597.06,inappropriate_refusal
3_governed,holdout_in,1,holdout-13,True,written_off_loans,SELECT     CAST(SUM(CASE WHEN days_past_due >= 30 THEN 1 ELSE 0 END) AS DOUBLE) / COUNT(*) AS delinquency_rate_30plus FROM fct_loans_monthly WHERE month_start = DATE '2026-06-01'   AND write_off_flag = FALSE;,False,,0.1,10.0,wrong_filter
3_governed,holdout_in,2,holdout-13,True,written_off_loans,SELECT     COUNT(*) FILTER (WHERE days_past_due >= 30) * 1.0 / COUNT(*) AS delinquency_rate_30plus FROM fct_loans_monthly WHERE month_start = DATE '2026-06-01'   AND write_off_flag = FALSE;,False,,0.1,10.0,wrong_filter
3_governed,holdout_in,3,holdout-13,True,written_off_loans,"SELECT     COUNT(*) FILTER (WHERE days_past_due >= 30) AS delinquent_loans,     COUNT(*) AS total_active_loans,     ROUND(         100.0 * COUNT(*) FILTER (WHERE days_past_due >= 30) / COUNT(*),         2     ) AS delinquency_rate_pct FROM fct_loans_monthly WHERE month_start = DATE '2026-06-01'   AND write_off_flag = FALSE;",False,,,10.0,wrong_grain
3_governed,holdout_in,1,holdout-14,True,written_off_loans,SELECT COUNT(*) AS loans_60_plus_dpd FROM fct_loans_monthly WHERE month_start = '2026-06-01'   AND days_past_due >= 60   AND write_off_flag = FALSE;,False,,1.0,1.0,correct
3_governed,holdout_in,2,holdout-14,True,written_off_loans,SELECT COUNT(*) AS loans_60plus_dpd FROM fct_loans_monthly WHERE month_start = '2026-06-01'   AND days_past_due >= 60;,False,,4.0,1.0,wrong_filter
3_governed,holdout_in,3,holdout-14,True,written_off_loans,SELECT COUNT(*) AS loans_60plus_dpd FROM fct_loans_monthly WHERE month_start = '2026-06-01'   AND days_past_due >= 60   AND write_off_flag = FALSE;,False,,1.0,1.0,correct
3_governed,holdout_in,1,holdout-15,True,reversed_transactions,SELECT SUM(CASE WHEN transaction_type = 'reversal' THEN -amount ELSE amount END) AS net_transaction_volume FROM fct_transactions WHERE EXTRACT(YEAR FROM transaction_date) = 2025;,False,,-1129274.28,2879515.55,wrong_filter
3_governed,holdout_in,2,holdout-15,True,reversed_transactions,SELECT     SUM(CASE WHEN transaction_type = 'REVERSAL' THEN -amount ELSE amount END) AS net_transaction_volume FROM fct_transactions WHERE EXTRACT(YEAR FROM transaction_date) = 2025;,False,,-1129274.28,2879515.55,wrong_filter
3_governed,holdout_in,3,holdout-15,True,reversed_transactions,SELECT SUM(CASE WHEN LOWER(transaction_type) = 'reversal' THEN -amount ELSE amount END) AS net_transaction_volume FROM fct_transactions WHERE EXTRACT(YEAR FROM transaction_date) = 2025;,False,,-1129274.28,2879515.55,wrong_filter
3_governed,holdout_in,1,holdout-16,True,reversed_transactions,,True,,,64.0,inappropriate_refusal
3_governed,holdout_in,2,holdout-16,True,reversed_transactions,,True,,,64.0,inappropriate_refusal
3_governed,holdout_in,3,holdout-16,True,reversed_transactions,,True,,,64.0,inappropriate_refusal
3_governed,holdout_in,1,holdout-17,True,internal_accounts,SELECT SUM(amount) AS total_transaction_volume FROM fct_transactions WHERE transaction_date >= '2025-01-01' AND transaction_date < '2026-01-01';,False,,-1129274.28,2746989.32,wrong_filter
3_governed,holdout_in,2,holdout-17,True,internal_accounts,SELECT SUM(amount) AS total_transaction_volume FROM fct_transactions WHERE transaction_date >= DATE '2025-01-01'   AND transaction_date < DATE '2026-01-01';,False,,-1129274.28,2746989.32,wrong_filter
3_governed,holdout_in,3,holdout-17,True,internal_accounts,SELECT SUM(amount) AS total_transaction_volume FROM fct_transactions WHERE EXTRACT(YEAR FROM transaction_date) = 2025;,False,,-1129274.28,2746989.32,wrong_filter
3_governed,holdout_in,1,holdout-18,True,internal_accounts,SELECT COUNT(*) AS transaction_count FROM fct_transactions WHERE EXTRACT(YEAR FROM transaction_date) = 2025;,False,,2628.0,2749.0,wrong_filter
3_governed,holdout_in,2,holdout-18,True,internal_accounts,SELECT COUNT(*) AS transaction_count FROM fct_transactions WHERE EXTRACT(YEAR FROM transaction_date) = 2025;,False,,2628.0,2749.0,wrong_filter
3_governed,holdout_in,3,holdout-18,True,internal_accounts,SELECT COUNT(*) AS transaction_count FROM fct_transactions WHERE EXTRACT(YEAR FROM transaction_date) = 2025;,False,,2628.0,2749.0,wrong_filter
3_governed,holdout_in,1,holdout-19,True,customer_vs_branch_location,SELECT SUM(amount) AS total_transaction_volume FROM fct_transactions WHERE home_branch_name = 'Ottawa Downtown'   AND EXTRACT(YEAR FROM transaction_date) = 2025;,False,,-136443.2,395628.1,wrong_join
3_governed,holdout_in,2,holdout-19,True,customer_vs_branch_location,SELECT SUM(amount) AS total_transaction_volume FROM fct_transactions WHERE home_branch_name = 'Ottawa Downtown'   AND EXTRACT(YEAR FROM transaction_date) = 2025;,False,,-136443.2,395628.1,wrong_join
3_governed,holdout_in,3,holdout-19,True,customer_vs_branch_location,SELECT SUM(amount) AS total_transaction_volume FROM fct_transactions WHERE home_branch_name = 'Ottawa Downtown'   AND EXTRACT(YEAR FROM transaction_date) = 2025;,False,,-136443.2,395628.1,wrong_join
3_governed,holdout_in,1,holdout-20,True,customer_vs_branch_location,SELECT COUNT(*) AS transaction_count FROM fct_transactions WHERE transaction_branch_name = 'King Street'   AND EXTRACT(YEAR FROM transaction_date) = 2025,False,,421.0,437.0,wrong_join
3_governed,holdout_in,2,holdout-20,True,customer_vs_branch_location,SELECT COUNT(*) AS transaction_count FROM fct_transactions WHERE transaction_branch_name = 'King Street' AND transaction_date >= '2025-01-01' AND transaction_date < '2026-01-01';,False,,421.0,437.0,wrong_join
3_governed,holdout_in,3,holdout-20,True,customer_vs_branch_location,SELECT COUNT(*) AS transaction_count FROM fct_transactions WHERE transaction_branch_name = 'King Street'   AND EXTRACT(YEAR FROM transaction_date) = 2025;,False,,421.0,437.0,wrong_join
3_governed,holdout_oos,1,oos-holdout-01,False,,,True,,,,appropriate_refusal
3_governed,holdout_oos,2,oos-holdout-01,False,,,True,,,,appropriate_refusal
3_governed,holdout_oos,3,oos-holdout-01,False,,,True,,,,appropriate_refusal
3_governed,holdout_oos,1,oos-holdout-02,False,,,True,,,,appropriate_refusal
3_governed,holdout_oos,2,oos-holdout-02,False,,,True,,,,appropriate_refusal
3_governed,holdout_oos,3,oos-holdout-02,False,,,True,,,,appropriate_refusal
3_governed,holdout_oos,1,oos-holdout-03,False,,,True,,,,appropriate_refusal
3_governed,holdout_oos,2,oos-holdout-03,False,,,True,,,,appropriate_refusal
3_governed,holdout_oos,3,oos-holdout-03,False,,,True,,,,appropriate_refusal
3_governed,holdout_oos,1,oos-holdout-04,False,,,True,,,,appropriate_refusal
3_governed,holdout_oos,2,oos-holdout-04,False,,,True,,,,appropriate_refusal
3_governed,holdout_oos,3,oos-holdout-04,False,,,True,,,,appropriate_refusal
3_governed,holdout_oos,1,oos-holdout-05,False,,,True,,,,appropriate_refusal
3_governed,holdout_oos,2,oos-holdout-05,False,,,True,,,,appropriate_refusal
3_governed,holdout_oos,3,oos-holdout-05,False,,,True,,,,appropriate_refusal
3_governed,holdout_oos,1,oos-holdout-06,False,,,True,,,,appropriate_refusal
3_governed,holdout_oos,2,oos-holdout-06,False,,,True,,,,appropriate_refusal
3_governed,holdout_oos,3,oos-holdout-06,False,,,True,,,,appropriate_refusal
3_governed,holdout_oos,1,oos-holdout-07,False,,,True,,,,appropriate_refusal
3_governed,holdout_oos,2,oos-holdout-07,False,,,True,,,,appropriate_refusal
3_governed,holdout_oos,3,oos-holdout-07,False,,,True,,,,appropriate_refusal
3_governed,holdout_oos,1,oos-holdout-08,False,,,True,,,,appropriate_refusal
3_governed,holdout_oos,2,oos-holdout-08,False,,,True,,,,appropriate_refusal
3_governed,holdout_oos,3,oos-holdout-08,False,,,True,,,,appropriate_refusal
4_governed_ai_prep,dev_in,1,dev-01,True,gross_vs_net_revenue,"SELECT ROUND(-SUM(amount), 2) FROM fct_transactions WHERE transaction_type = 'fee' AND fee_waived = FALSE AND date_part('year', transaction_date) = 2026 AND date_part('quarter', transaction_date) = 1",False,,3622.99,3756.58,wrong_metric
4_governed_ai_prep,dev_in,2,dev-01,True,gross_vs_net_revenue,"SELECT ROUND(-SUM(amount), 2) FROM fct_transactions WHERE transaction_type = 'fee' AND fee_waived = FALSE AND date_part('year', transaction_date) = 2026 AND date_part('quarter', transaction_date) = 1",False,,3622.99,3756.58,wrong_metric
4_governed_ai_prep,dev_in,3,dev-01,True,gross_vs_net_revenue,"SELECT ROUND(-SUM(amount), 2) FROM fct_transactions WHERE transaction_type = 'fee' AND fee_waived = FALSE AND date_part('year', transaction_date) = 2026 AND date_part('quarter', transaction_date) = 1",False,,3622.99,3756.58,wrong_metric
4_governed_ai_prep,dev_in,1,dev-02,True,gross_vs_net_revenue,"SELECT ROUND(-SUM(amount), 2) FROM fct_transactions WHERE transaction_type = 'fee' AND date_part('year', transaction_date) = 2025",False,,17671.81,18385.17,wrong_metric
4_governed_ai_prep,dev_in,2,dev-02,True,gross_vs_net_revenue,"SELECT ROUND(-SUM(amount), 2) FROM fct_transactions WHERE transaction_type = 'fee' AND date_part('year', transaction_date) = 2025",False,,17671.81,18385.17,wrong_metric
4_governed_ai_prep,dev_in,3,dev-02,True,gross_vs_net_revenue,"SELECT ROUND(-SUM(amount), 2) FROM fct_transactions WHERE transaction_type = 'fee' AND date_part('year', transaction_date) = 2025",False,,17671.81,18385.17,wrong_metric
4_governed_ai_prep,dev_in,1,dev-03,True,gross_vs_net_revenue,,True,,,1624.62,inappropriate_refusal
4_governed_ai_prep,dev_in,2,dev-03,True,gross_vs_net_revenue,,True,,,1624.62,inappropriate_refusal
4_governed_ai_prep,dev_in,3,dev-03,True,gross_vs_net_revenue,,True,,,1624.62,inappropriate_refusal
4_governed_ai_prep,dev_in,1,dev-04,True,posting_vs_transaction_date,"SELECT COUNT(*) FROM fct_transactions WHERE date_part('year', posting_date) = 2025 AND date_part('quarter', posting_date) = 1",False,,458.0,470.0,wrong_date
4_governed_ai_prep,dev_in,2,dev-04,True,posting_vs_transaction_date,"SELECT COUNT(*) FROM fct_transactions WHERE date_part('year', posting_date) = 2025 AND date_part('quarter', posting_date) = 1",False,,458.0,470.0,wrong_date
4_governed_ai_prep,dev_in,3,dev-04,True,posting_vs_transaction_date,"SELECT COUNT(*) FROM fct_transactions WHERE date_part('year', posting_date) = 2025 AND date_part('quarter', posting_date) = 1",False,,458.0,470.0,wrong_date
4_governed_ai_prep,dev_in,1,dev-05,True,posting_vs_transaction_date,"SELECT COUNT(*) FROM fct_transactions WHERE date_part('year', transaction_date) = 2025 AND date_part('quarter', transaction_date) = 1",False,,458.0,468.0,wrong_date
4_governed_ai_prep,dev_in,2,dev-05,True,posting_vs_transaction_date,"SELECT COUNT(*) FROM fct_transactions WHERE date_part('year', transaction_date) = 2025 AND date_part('quarter', transaction_date) = 1",False,,458.0,468.0,wrong_date
4_governed_ai_prep,dev_in,3,dev-05,True,posting_vs_transaction_date,"SELECT COUNT(*) FROM fct_transactions WHERE date_part('year', transaction_date) = 2025 AND date_part('quarter', transaction_date) = 1",False,,458.0,468.0,wrong_date
4_governed_ai_prep,dev_in,1,dev-06,True,posting_vs_transaction_date,"SELECT ROUND(SUM(ABS(amount)), 2) FROM fct_transactions WHERE date_part('year', transaction_date) = 2025 AND date_part('quarter', transaction_date) = 3",False,,647182.53,647182.53,correct
4_governed_ai_prep,dev_in,2,dev-06,True,posting_vs_transaction_date,"SELECT ROUND(SUM(ABS(amount)), 2) FROM fct_transactions WHERE date_part('year', transaction_date) = 2025 AND date_part('quarter', transaction_date) = 3",False,,647182.53,647182.53,correct
4_governed_ai_prep,dev_in,3,dev-06,True,posting_vs_transaction_date,"SELECT ROUND(SUM(ABS(amount)), 2) FROM fct_transactions WHERE transaction_date BETWEEN '2025-07-01' AND '2025-09-30'",False,,647182.53,647182.53,correct
4_governed_ai_prep,dev_in,1,dev-07,True,open_vs_active_account,SELECT COUNT(*) FROM dim_customers WHERE is_active = TRUE AND region = 'Eastern-ON',False,,45.0,45.0,correct
4_governed_ai_prep,dev_in,2,dev-07,True,open_vs_active_account,SELECT COUNT(*) FROM dim_customers WHERE is_active = TRUE AND region = 'Eastern-ON',False,,45.0,45.0,correct
4_governed_ai_prep,dev_in,3,dev-07,True,open_vs_active_account,SELECT COUNT(*) FROM dim_customers WHERE is_active = TRUE AND region = 'Eastern-ON',False,,45.0,45.0,correct
4_governed_ai_prep,dev_in,1,dev-08,True,open_vs_active_account,,True,,,55.0,inappropriate_refusal
4_governed_ai_prep,dev_in,2,dev-08,True,open_vs_active_account,,True,,,55.0,inappropriate_refusal
4_governed_ai_prep,dev_in,3,dev-08,True,open_vs_active_account,,True,,,55.0,inappropriate_refusal
4_governed_ai_prep,dev_in,1,dev-09,True,open_vs_active_account,SELECT COUNT(*) FROM dim_customers WHERE is_active = TRUE AND region = 'GTA-Central',False,,45.0,45.0,correct
4_governed_ai_prep,dev_in,2,dev-09,True,open_vs_active_account,SELECT COUNT(*) FROM dim_customers WHERE is_active = TRUE AND region = 'GTA-Central',False,,45.0,45.0,correct
4_governed_ai_prep,dev_in,3,dev-09,True,open_vs_active_account,SELECT COUNT(*) FROM dim_customers WHERE is_active = TRUE AND region = 'GTA-Central',False,,45.0,45.0,correct
4_governed_ai_prep,dev_in,1,dev-10,True,month_end_vs_avg_daily_balance,"SELECT ROUND(AVG(avg_daily_balance), 2) FROM fct_account_balances_monthly WHERE month_start >= '2026-01-01' AND month_start < '2026-04-01'",False,,7267.53,7269.79,correct
4_governed_ai_prep,dev_in,2,dev-10,True,month_end_vs_avg_daily_balance,"SELECT ROUND(AVG(avg_daily_balance), 2) FROM fct_account_balances_monthly WHERE month_start BETWEEN '2026-01-01' AND '2026-03-01'",False,,7267.53,7269.79,correct
4_governed_ai_prep,dev_in,3,dev-10,True,month_end_vs_avg_daily_balance,"SELECT ROUND(AVG(avg_daily_balance), 2) FROM fct_account_balances_monthly WHERE month_start >= '2026-01-01' AND month_start < '2026-04-01'",False,,7267.53,7269.79,correct
4_governed_ai_prep,dev_in,1,dev-11,True,month_end_vs_avg_daily_balance,"SELECT ROUND(SUM(month_end_balance), 2) FROM fct_account_balances_monthly WHERE month_start = '2026-03-01'",False,,1055399.87,1055399.87,correct
4_governed_ai_prep,dev_in,2,dev-11,True,month_end_vs_avg_daily_balance,"SELECT ROUND(SUM(month_end_balance), 2) FROM fct_account_balances_monthly WHERE month_start = '2026-03-01'",False,,1055399.87,1055399.87,correct
4_governed_ai_prep,dev_in,3,dev-11,True,month_end_vs_avg_daily_balance,"SELECT ROUND(SUM(month_end_balance), 2) FROM fct_account_balances_monthly WHERE month_start = '2026-03-01'",False,,1055399.87,1055399.87,correct
4_governed_ai_prep,dev_in,1,dev-12,True,month_end_vs_avg_daily_balance,"SELECT ROUND(AVG(avg_daily_balance), 2) FROM fct_account_balances_monthly WHERE month_start = '2026-04-01'",False,,7399.54,7399.54,correct
4_governed_ai_prep,dev_in,2,dev-12,True,month_end_vs_avg_daily_balance,"SELECT ROUND(AVG(avg_daily_balance), 2) FROM fct_account_balances_monthly WHERE month_start = '2026-04-01'",False,,7399.54,7399.54,correct
4_governed_ai_prep,dev_in,3,dev-12,True,month_end_vs_avg_daily_balance,"SELECT ROUND(AVG(avg_daily_balance), 2) FROM fct_account_balances_monthly WHERE month_start = '2026-04-01'",False,,7399.54,7399.54,correct
4_governed_ai_prep,dev_in,1,dev-13,True,written_off_loans,"SELECT ROUND(100.0 * SUM(CASE WHEN days_past_due >= 30 THEN 1 ELSE 0 END) / COUNT(*), 2) FROM fct_loans_monthly WHERE month_start = '2026-03-01' AND write_off_flag = FALSE",False,,3.85,3.85,correct
4_governed_ai_prep,dev_in,2,dev-13,True,written_off_loans,"SELECT ROUND(100.0 * SUM(CASE WHEN days_past_due >= 30 THEN 1 ELSE 0 END) / COUNT(*), 2) FROM fct_loans_monthly WHERE month_start = '2026-03-01' AND write_off_flag = FALSE",False,,3.85,3.85,correct
4_governed_ai_prep,dev_in,3,dev-13,True,written_off_loans,"SELECT ROUND(100.0 * SUM(CASE WHEN days_past_due >= 30 THEN 1 ELSE 0 END) / COUNT(*), 2) FROM fct_loans_monthly WHERE month_start = '2026-03-01' AND write_off_flag = FALSE",False,,3.85,3.85,correct
4_governed_ai_prep,dev_in,1,dev-14,True,written_off_loans,SELECT COUNT(*) FROM fct_loans_monthly WHERE month_start = '2026-03-01'   AND write_off_flag = FALSE   AND days_past_due >= 60,False,,1.0,1.0,correct
4_governed_ai_prep,dev_in,2,dev-14,True,written_off_loans,SELECT COUNT(*) FROM fct_loans_monthly WHERE month_start = '2026-03-01' AND write_off_flag = FALSE AND days_past_due >= 60,False,,1.0,1.0,correct
4_governed_ai_prep,dev_in,3,dev-14,True,written_off_loans,SELECT COUNT(*) FROM fct_loans_monthly WHERE month_start = '2026-03-01' AND write_off_flag = FALSE AND days_past_due >= 60,False,,1.0,1.0,correct
4_governed_ai_prep,dev_in,1,dev-15,True,written_off_loans,SELECT COUNT(DISTINCT loan_account_id) FROM fct_loans_monthly WHERE write_off_flag = TRUE AND month_start <= '2026-06-01',False,,10.0,10.0,correct
4_governed_ai_prep,dev_in,2,dev-15,True,written_off_loans,SELECT COUNT(DISTINCT loan_account_id) FROM fct_loans_monthly WHERE write_off_flag = TRUE AND month_start <= '2026-06-30',False,,10.0,10.0,correct
4_governed_ai_prep,dev_in,3,dev-15,True,written_off_loans,SELECT COUNT(DISTINCT loan_account_id) FROM fct_loans_monthly WHERE write_off_flag = TRUE AND month_start <= '2026-06-01',False,,10.0,10.0,correct
4_governed_ai_prep,dev_in,1,dev-16,True,reversed_transactions,"SELECT ROUND(SUM(ABS(amount)), 2) FROM fct_transactions WHERE date_part('year', transaction_date) = 2024",False,,580332.14,723988.69,wrong_filter
4_governed_ai_prep,dev_in,2,dev-16,True,reversed_transactions,"SELECT ROUND(SUM(ABS(amount)), 2) FROM fct_transactions WHERE date_part('year', transaction_date) = 2024",False,,580332.14,723988.69,wrong_filter
4_governed_ai_prep,dev_in,3,dev-16,True,reversed_transactions,"SELECT ROUND(SUM(ABS(amount)), 2) FROM fct_transactions WHERE date_part('year', transaction_date) = 2024",False,,580332.14,723988.69,wrong_filter
4_governed_ai_prep,dev_in,1,dev-17,True,reversed_transactions,,True,,,23.0,inappropriate_refusal
4_governed_ai_prep,dev_in,2,dev-17,True,reversed_transactions,,True,,,23.0,inappropriate_refusal
4_governed_ai_prep,dev_in,3,dev-17,True,reversed_transactions,,True,,,23.0,inappropriate_refusal
4_governed_ai_prep,dev_in,1,dev-18,True,reversed_transactions,,True,,,3039189.26,inappropriate_refusal
4_governed_ai_prep,dev_in,2,dev-18,True,reversed_transactions,,True,,,3039189.26,inappropriate_refusal
4_governed_ai_prep,dev_in,3,dev-18,True,reversed_transactions,,True,,,3039189.26,inappropriate_refusal
4_governed_ai_prep,dev_in,1,dev-19,True,internal_accounts,"SELECT ROUND(SUM(ABS(amount)), 2) FROM fct_transactions WHERE date_part('year', transaction_date) = 2024",False,,580332.14,580332.14,correct
4_governed_ai_prep,dev_in,2,dev-19,True,internal_accounts,"SELECT ROUND(SUM(ABS(amount)), 2) FROM fct_transactions WHERE date_part('year', transaction_date) = 2024",False,,580332.14,580332.14,correct
4_governed_ai_prep,dev_in,3,dev-19,True,internal_accounts,"SELECT ROUND(SUM(ABS(amount)), 2) FROM fct_transactions WHERE date_part('year', transaction_date) = 2024",False,,580332.14,580332.14,correct
4_governed_ai_prep,dev_in,1,dev-20,True,internal_accounts,"SELECT COUNT(*) FROM fct_transactions WHERE date_part('year', transaction_date) = 2024",False,,557.0,597.0,wrong_filter
4_governed_ai_prep,dev_in,2,dev-20,True,internal_accounts,"SELECT COUNT(*) FROM fct_transactions WHERE date_part('year', transaction_date) = 2024",False,,557.0,597.0,wrong_filter
4_governed_ai_prep,dev_in,3,dev-20,True,internal_accounts,"SELECT COUNT(*) FROM fct_transactions WHERE date_part('year', transaction_date) = 2024",False,,557.0,597.0,wrong_filter
4_governed_ai_prep,dev_in,1,dev-21,True,internal_accounts,,True,,,2884.0,inappropriate_refusal
4_governed_ai_prep,dev_in,2,dev-21,True,internal_accounts,,True,,,2884.0,inappropriate_refusal
4_governed_ai_prep,dev_in,3,dev-21,True,internal_accounts,,True,,,2884.0,inappropriate_refusal
4_governed_ai_prep,dev_in,1,dev-22,True,customer_vs_branch_location,"SELECT ROUND(SUM(ABS(amount)), 2) FROM fct_transactions WHERE home_branch_name = 'Mississauga West' AND date_part('year', transaction_date) = 2025",False,,223804.08,223804.08,correct
4_governed_ai_prep,dev_in,2,dev-22,True,customer_vs_branch_location,"SELECT ROUND(SUM(ABS(amount)), 2) FROM fct_transactions WHERE home_branch_name = 'Mississauga West' AND date_part('year', transaction_date) = 2025",False,,223804.08,223804.08,correct
4_governed_ai_prep,dev_in,3,dev-22,True,customer_vs_branch_location,"SELECT ROUND(SUM(ABS(amount)), 2) FROM fct_transactions WHERE home_branch_name = 'Mississauga West' AND date_part('year', transaction_date) = 2025",False,,223804.08,223804.08,correct
4_governed_ai_prep,dev_in,1,dev-23,True,customer_vs_branch_location,"SELECT COUNT(*) FROM fct_transactions WHERE transaction_branch_name = 'Kanata' AND date_part('year', transaction_date) = 2025",False,,607.0,631.0,wrong_join
4_governed_ai_prep,dev_in,2,dev-23,True,customer_vs_branch_location,"SELECT COUNT(*) FROM fct_transactions WHERE transaction_branch_name = 'Kanata' AND date_part('year', transaction_date) = 2025",False,,607.0,631.0,wrong_join
4_governed_ai_prep,dev_in,3,dev-23,True,customer_vs_branch_location,"SELECT COUNT(*) FROM fct_transactions WHERE transaction_branch_name = 'Kanata' AND date_part('year', transaction_date) = 2025",False,,607.0,631.0,wrong_join
4_governed_ai_prep,dev_in,1,dev-24,True,customer_vs_branch_location,"SELECT ROUND(SUM(ABS(amount)), 2) FROM fct_transactions WHERE home_branch_name = 'Brampton North' AND date_part('year', transaction_date) = 2025",False,,495368.37,495368.37,correct
4_governed_ai_prep,dev_in,2,dev-24,True,customer_vs_branch_location,"SELECT ROUND(SUM(ABS(amount)), 2) FROM fct_transactions WHERE home_branch_name = 'Brampton North' AND date_part('year', transaction_date) = 2025",False,,495368.37,495368.37,correct
4_governed_ai_prep,dev_in,3,dev-24,True,customer_vs_branch_location,"SELECT ROUND(SUM(ABS(amount)), 2) FROM fct_transactions WHERE home_branch_name = 'Brampton North' AND date_part('year', transaction_date) = 2025",False,,495368.37,495368.37,correct
4_governed_ai_prep,dev_oos,1,oos-dev-01,False,,,True,,,,appropriate_refusal
4_governed_ai_prep,dev_oos,2,oos-dev-01,False,,,True,,,,appropriate_refusal
4_governed_ai_prep,dev_oos,3,oos-dev-01,False,,,True,,,,appropriate_refusal
4_governed_ai_prep,dev_oos,1,oos-dev-02,False,,,True,,,,appropriate_refusal
4_governed_ai_prep,dev_oos,2,oos-dev-02,False,,,True,,,,appropriate_refusal
4_governed_ai_prep,dev_oos,3,oos-dev-02,False,,,True,,,,appropriate_refusal
4_governed_ai_prep,dev_oos,1,oos-dev-03,False,,,True,,,,appropriate_refusal
4_governed_ai_prep,dev_oos,2,oos-dev-03,False,,,True,,,,appropriate_refusal
4_governed_ai_prep,dev_oos,3,oos-dev-03,False,,,True,,,,appropriate_refusal
4_governed_ai_prep,dev_oos,1,oos-dev-04,False,,,True,,,,appropriate_refusal
4_governed_ai_prep,dev_oos,2,oos-dev-04,False,,,True,,,,appropriate_refusal
4_governed_ai_prep,dev_oos,3,oos-dev-04,False,,,True,,,,appropriate_refusal
4_governed_ai_prep,holdout_in,1,holdout-01,True,gross_vs_net_revenue,"SELECT ROUND(-SUM(amount), 2) FROM fct_transactions WHERE transaction_type = 'fee' AND fee_waived = FALSE AND date_part('year', transaction_date) = 2024",False,,2894.89,3403.23,wrong_metric
4_governed_ai_prep,holdout_in,2,holdout-01,True,gross_vs_net_revenue,"SELECT ROUND(-SUM(amount), 2) FROM fct_transactions WHERE transaction_type = 'fee' AND fee_waived = FALSE AND date_part('year', transaction_date) = 2024",False,,2894.89,3403.23,wrong_metric
4_governed_ai_prep,holdout_in,3,holdout-01,True,gross_vs_net_revenue,"SELECT ROUND(-SUM(amount), 2) FROM fct_transactions WHERE transaction_type = 'fee' AND fee_waived = FALSE AND date_part('year', transaction_date) = 2024",False,,2894.89,3403.23,wrong_metric
4_governed_ai_prep,holdout_in,1,holdout-02,True,gross_vs_net_revenue,"SELECT ROUND(-SUM(amount), 2) FROM fct_transactions WHERE transaction_type = 'fee' AND fee_waived = FALSE AND date_part('year', transaction_date) = 2025",False,,14105.15,14709.7,wrong_metric
4_governed_ai_prep,holdout_in,2,holdout-02,True,gross_vs_net_revenue,"SELECT ROUND(-SUM(amount), 2) FROM fct_transactions WHERE transaction_type = 'fee' AND fee_waived = FALSE AND date_part('year', transaction_date) = 2025",False,,14105.15,14709.7,wrong_metric
4_governed_ai_prep,holdout_in,3,holdout-02,True,gross_vs_net_revenue,"SELECT ROUND(-SUM(amount), 2) FROM fct_transactions WHERE transaction_type = 'fee' AND fee_waived = FALSE AND date_part('year', transaction_date) = 2025",False,,14105.15,14709.7,wrong_metric
4_governed_ai_prep,holdout_in,1,holdout-03,True,gross_vs_net_revenue,,True,,,3202.25,inappropriate_refusal
4_governed_ai_prep,holdout_in,2,holdout-03,True,gross_vs_net_revenue,,True,,,3202.25,inappropriate_refusal
4_governed_ai_prep,holdout_in,3,holdout-03,True,gross_vs_net_revenue,,True,,,3202.25,inappropriate_refusal
4_governed_ai_prep,holdout_in,1,holdout-04,True,posting_vs_transaction_date,"SELECT COUNT(*) FROM fct_transactions WHERE date_part('year', posting_date) = 2025 AND date_part('quarter', posting_date) = 4",False,,958.0,1007.0,wrong_date
4_governed_ai_prep,holdout_in,2,holdout-04,True,posting_vs_transaction_date,"SELECT COUNT(*) FROM fct_transactions WHERE date_part('year', posting_date) = 2025 AND date_part('quarter', posting_date) = 4",False,,958.0,1007.0,wrong_date
4_governed_ai_prep,holdout_in,3,holdout-04,True,posting_vs_transaction_date,"SELECT COUNT(*) FROM fct_transactions WHERE date_part('year', posting_date) = 2025 AND date_part('quarter', posting_date) = 4",False,,958.0,1007.0,wrong_date
4_governed_ai_prep,holdout_in,1,holdout-05,True,posting_vs_transaction_date,"SELECT COUNT(*) FROM fct_transactions WHERE date_part('year', transaction_date) = 2025 AND date_part('quarter', transaction_date) = 4",False,,966.0,1017.0,wrong_date
4_governed_ai_prep,holdout_in,2,holdout-05,True,posting_vs_transaction_date,"SELECT COUNT(*) FROM fct_transactions WHERE date_part('year', transaction_date) = 2025 AND date_part('quarter', transaction_date) = 4",False,,966.0,1017.0,wrong_date
4_governed_ai_prep,holdout_in,3,holdout-05,True,posting_vs_transaction_date,"SELECT COUNT(*) FROM fct_transactions WHERE date_part('year', transaction_date) = 2025 AND date_part('quarter', transaction_date) = 4",False,,966.0,1017.0,wrong_date
4_governed_ai_prep,holdout_in,1,holdout-06,True,posting_vs_transaction_date,"SELECT ROUND(SUM(ABS(amount)), 2) FROM fct_transactions WHERE posting_date BETWEEN '2026-04-01' AND '2026-06-30'",False,,1494343.27,1494343.27,correct
4_governed_ai_prep,holdout_in,2,holdout-06,True,posting_vs_transaction_date,"SELECT ROUND(SUM(ABS(amount)), 2) FROM fct_transactions WHERE posting_date BETWEEN '2026-04-01' AND '2026-06-30'",False,,1494343.27,1494343.27,correct
4_governed_ai_prep,holdout_in,3,holdout-06,True,posting_vs_transaction_date,"SELECT ROUND(SUM(ABS(amount)), 2) FROM fct_transactions WHERE posting_date BETWEEN '2026-04-01' AND '2026-06-30'",False,,1494343.27,1494343.27,correct
4_governed_ai_prep,holdout_in,1,holdout-07,True,open_vs_active_account,SELECT COUNT(*) FROM dim_customers WHERE is_active = TRUE,False,,118.0,118.0,correct
4_governed_ai_prep,holdout_in,2,holdout-07,True,open_vs_active_account,SELECT COUNT(*) FROM dim_customers WHERE is_active = TRUE,False,,118.0,118.0,correct
4_governed_ai_prep,holdout_in,3,holdout-07,True,open_vs_active_account,SELECT COUNT(*) FROM dim_customers WHERE is_active = TRUE,False,,118.0,118.0,correct
4_governed_ai_prep,holdout_in,1,holdout-08,True,open_vs_active_account,,True,,,149.0,inappropriate_refusal
4_governed_ai_prep,holdout_in,2,holdout-08,True,open_vs_active_account,,True,,,149.0,inappropriate_refusal
4_governed_ai_prep,holdout_in,3,holdout-08,True,open_vs_active_account,,True,,,149.0,inappropriate_refusal
4_governed_ai_prep,holdout_in,1,holdout-09,True,open_vs_active_account,SELECT COUNT(*) FROM dim_customers WHERE is_active = TRUE AND region = 'GTA-West',False,,28.0,28.0,correct
4_governed_ai_prep,holdout_in,2,holdout-09,True,open_vs_active_account,SELECT COUNT(*) FROM dim_customers WHERE is_active = TRUE AND region = 'GTA-West',False,,28.0,28.0,correct
4_governed_ai_prep,holdout_in,3,holdout-09,True,open_vs_active_account,SELECT COUNT(*) FROM dim_customers WHERE is_active = TRUE AND region = 'GTA-West',False,,28.0,28.0,correct
4_governed_ai_prep,holdout_in,1,holdout-10,True,month_end_vs_avg_daily_balance,"SELECT ROUND(AVG(avg_daily_balance), 2) FROM fct_account_balances_monthly WHERE month_start = '2026-06-01'",False,,7559.5,7559.5,correct
4_governed_ai_prep,holdout_in,2,holdout-10,True,month_end_vs_avg_daily_balance,"SELECT ROUND(AVG(avg_daily_balance), 2) FROM fct_account_balances_monthly WHERE month_start = '2026-06-01'",False,,7559.5,7559.5,correct
4_governed_ai_prep,holdout_in,3,holdout-10,True,month_end_vs_avg_daily_balance,"SELECT ROUND(AVG(avg_daily_balance), 2) FROM fct_account_balances_monthly WHERE month_start = '2026-06-01'",False,,7559.5,7559.5,correct
4_governed_ai_prep,holdout_in,1,holdout-11,True,month_end_vs_avg_daily_balance,"SELECT ROUND(SUM(month_end_balance), 2) FROM fct_account_balances_monthly WHERE month_start = '2026-06-01'",False,,1069364.26,1069364.26,correct
4_governed_ai_prep,holdout_in,2,holdout-11,True,month_end_vs_avg_daily_balance,"SELECT ROUND(SUM(month_end_balance), 2) FROM fct_account_balances_monthly WHERE month_start = '2026-06-01'",False,,1069364.26,1069364.26,correct
4_governed_ai_prep,holdout_in,3,holdout-11,True,month_end_vs_avg_daily_balance,"SELECT ROUND(SUM(month_end_balance), 2) FROM fct_account_balances_monthly WHERE month_start = '2026-06-01'",False,,1069364.26,1069364.26,correct
4_governed_ai_prep,holdout_in,1,holdout-12,True,month_end_vs_avg_daily_balance,"SELECT ROUND(AVG(avg_daily_balance), 2) FROM fct_account_balances_monthly WHERE month_start = '2026-05-01'",False,,7597.06,7597.06,correct
4_governed_ai_prep,holdout_in,2,holdout-12,True,month_end_vs_avg_daily_balance,,True,,,7597.06,inappropriate_refusal
4_governed_ai_prep,holdout_in,3,holdout-12,True,month_end_vs_avg_daily_balance,"SELECT ROUND(AVG(avg_daily_balance), 2) FROM fct_account_balances_monthly WHERE month_start = '2026-05-01'",False,,7597.06,7597.06,correct
4_governed_ai_prep,holdout_in,1,holdout-13,True,written_off_loans,"SELECT ROUND(100.0 * SUM(CASE WHEN days_past_due >= 30 THEN 1 ELSE 0 END) / COUNT(*), 2) FROM fct_loans_monthly WHERE month_start = '2026-06-01' AND write_off_flag = FALSE",False,,10.0,10.0,correct
4_governed_ai_prep,holdout_in,2,holdout-13,True,written_off_loans,"SELECT ROUND(100.0 * SUM(CASE WHEN days_past_due >= 30 THEN 1 ELSE 0 END) / COUNT(*), 2) FROM fct_loans_monthly WHERE month_start = '2026-06-01' AND write_off_flag = FALSE",False,,10.0,10.0,correct
4_governed_ai_prep,holdout_in,3,holdout-13,True,written_off_loans,"WITH latest AS (     SELECT loan_account_id, days_past_due, write_off_flag,            ROW_NUMBER() OVER (PARTITION BY loan_account_id ORDER BY month_start DESC) AS rn     FROM fct_loans_monthly     WHERE month_start <= '2026-06-01' ) SELECT ROUND(100.0 * SUM(CASE WHEN days_past_due >= 30 THEN 1 ELSE 0 END) / COUNT(*), 2) FROM latest WHERE rn = 1 AND write_off_flag = FALSE",False,,10.0,10.0,correct
4_governed_ai_prep,holdout_in,1,holdout-14,True,written_off_loans,SELECT COUNT(*) FROM fct_loans_monthly WHERE month_start = '2026-06-01' AND days_past_due >= 60 AND write_off_flag = FALSE,False,,1.0,1.0,correct
4_governed_ai_prep,holdout_in,2,holdout-14,True,written_off_loans,SELECT COUNT(*) FROM fct_loans_monthly WHERE month_start = '2026-06-01' AND write_off_flag = FALSE AND days_past_due >= 60,False,,1.0,1.0,correct
4_governed_ai_prep,holdout_in,3,holdout-14,True,written_off_loans,SELECT COUNT(*) FROM fct_loans_monthly WHERE month_start = '2026-06-01'   AND write_off_flag = FALSE   AND days_past_due >= 60,False,,1.0,1.0,correct
4_governed_ai_prep,holdout_in,1,holdout-15,True,reversed_transactions,"SELECT ROUND(SUM(ABS(amount)), 2) FROM fct_transactions WHERE date_part('year', transaction_date) = 2025",False,,2746989.32,2879515.55,wrong_filter
4_governed_ai_prep,holdout_in,2,holdout-15,True,reversed_transactions,"SELECT ROUND(SUM(ABS(amount)), 2) FROM fct_transactions WHERE date_part('year', transaction_date) = 2025",False,,2746989.32,2879515.55,wrong_filter
4_governed_ai_prep,holdout_in,3,holdout-15,True,reversed_transactions,"SELECT ROUND(SUM(ABS(amount)), 2) FROM fct_transactions WHERE date_part('year', transaction_date) = 2025",False,,2746989.32,2879515.55,wrong_filter
4_governed_ai_prep,holdout_in,1,holdout-16,True,reversed_transactions,,True,,,64.0,inappropriate_refusal
4_governed_ai_prep,holdout_in,2,holdout-16,True,reversed_transactions,,True,,,64.0,inappropriate_refusal
4_governed_ai_prep,holdout_in,3,holdout-16,True,reversed_transactions,,True,,,64.0,inappropriate_refusal
4_governed_ai_prep,holdout_in,1,holdout-17,True,internal_accounts,"SELECT ROUND(SUM(ABS(amount)), 2) FROM fct_transactions WHERE date_part('year', transaction_date) = 2025",False,,2746989.32,2746989.32,correct
4_governed_ai_prep,holdout_in,2,holdout-17,True,internal_accounts,"SELECT ROUND(SUM(ABS(amount)), 2) FROM fct_transactions WHERE date_part('year', transaction_date) = 2025",False,,2746989.32,2746989.32,correct
4_governed_ai_prep,holdout_in,3,holdout-17,True,internal_accounts,"SELECT ROUND(SUM(ABS(amount)), 2) FROM fct_transactions WHERE date_part('year', transaction_date) = 2025",False,,2746989.32,2746989.32,correct
4_governed_ai_prep,holdout_in,1,holdout-18,True,internal_accounts,"SELECT COUNT(*) FROM fct_transactions WHERE date_part('year', transaction_date) = 2025",False,,2628.0,2749.0,wrong_filter
4_governed_ai_prep,holdout_in,2,holdout-18,True,internal_accounts,"SELECT COUNT(*) FROM fct_transactions WHERE date_part('year', transaction_date) = 2025",False,,2628.0,2749.0,wrong_filter
4_governed_ai_prep,holdout_in,3,holdout-18,True,internal_accounts,"SELECT COUNT(*) FROM fct_transactions WHERE date_part('year', transaction_date) = 2025",False,,2628.0,2749.0,wrong_filter
4_governed_ai_prep,holdout_in,1,holdout-19,True,customer_vs_branch_location,"SELECT ROUND(SUM(ABS(amount)), 2) FROM fct_transactions WHERE home_branch_name = 'Ottawa Downtown' AND date_part('year', transaction_date) = 2025",False,,395628.1,395628.1,correct
4_governed_ai_prep,holdout_in,2,holdout-19,True,customer_vs_branch_location,"SELECT ROUND(SUM(ABS(amount)), 2) FROM fct_transactions WHERE home_branch_name = 'Ottawa Downtown' AND date_part('year', transaction_date) = 2025",False,,395628.1,395628.1,correct
4_governed_ai_prep,holdout_in,3,holdout-19,True,customer_vs_branch_location,"SELECT ROUND(SUM(ABS(amount)), 2) FROM fct_transactions WHERE home_branch_name = 'Ottawa Downtown' AND date_part('year', transaction_date) = 2025",False,,395628.1,395628.1,correct
4_governed_ai_prep,holdout_in,1,holdout-20,True,customer_vs_branch_location,"SELECT COUNT(*) FROM fct_transactions WHERE transaction_branch_name = 'King Street' AND date_part('year', transaction_date) = 2025",False,,421.0,437.0,wrong_join
4_governed_ai_prep,holdout_in,2,holdout-20,True,customer_vs_branch_location,"SELECT COUNT(*) FROM fct_transactions WHERE transaction_branch_name = 'King Street' AND date_part('year', transaction_date) = 2025",False,,421.0,437.0,wrong_join
4_governed_ai_prep,holdout_in,3,holdout-20,True,customer_vs_branch_location,"SELECT COUNT(*) FROM fct_transactions WHERE transaction_branch_name = 'King Street' AND date_part('year', transaction_date) = 2025",False,,421.0,437.0,wrong_join
4_governed_ai_prep,holdout_oos,1,oos-holdout-01,False,,,True,,,,appropriate_refusal
4_governed_ai_prep,holdout_oos,2,oos-holdout-01,False,,,True,,,,appropriate_refusal
4_governed_ai_prep,holdout_oos,3,oos-holdout-01,False,,,True,,,,appropriate_refusal
4_governed_ai_prep,holdout_oos,1,oos-holdout-02,False,,,True,,,,appropriate_refusal
4_governed_ai_prep,holdout_oos,2,oos-holdout-02,False,,,True,,,,appropriate_refusal
4_governed_ai_prep,holdout_oos,3,oos-holdout-02,False,,,True,,,,appropriate_refusal
4_governed_ai_prep,holdout_oos,1,oos-holdout-03,False,,,True,,,,appropriate_refusal
4_governed_ai_prep,holdout_oos,2,oos-holdout-03,False,,,True,,,,appropriate_refusal
4_governed_ai_prep,holdout_oos,3,oos-holdout-03,False,,,True,,,,appropriate_refusal
4_governed_ai_prep,holdout_oos,1,oos-holdout-04,False,,,True,,,,appropriate_refusal
4_governed_ai_prep,holdout_oos,2,oos-holdout-04,False,,,True,,,,appropriate_refusal
4_governed_ai_prep,holdout_oos,3,oos-holdout-04,False,,,True,,,,appropriate_refusal
4_governed_ai_prep,holdout_oos,1,oos-holdout-05,False,,,True,,,,appropriate_refusal
4_governed_ai_prep,holdout_oos,2,oos-holdout-05,False,,,True,,,,appropriate_refusal
4_governed_ai_prep,holdout_oos,3,oos-holdout-05,False,,,True,,,,appropriate_refusal
4_governed_ai_prep,holdout_oos,1,oos-holdout-06,False,,,True,,,,appropriate_refusal
4_governed_ai_prep,holdout_oos,2,oos-holdout-06,False,,,True,,,,appropriate_refusal
4_governed_ai_prep,holdout_oos,3,oos-holdout-06,False,,,True,,,,appropriate_refusal
4_governed_ai_prep,holdout_oos,1,oos-holdout-07,False,,,True,,,,appropriate_refusal
4_governed_ai_prep,holdout_oos,2,oos-holdout-07,False,,,True,,,,appropriate_refusal
4_governed_ai_prep,holdout_oos,3,oos-holdout-07,False,,,True,,,,appropriate_refusal
4_governed_ai_prep,holdout_oos,1,oos-holdout-08,False,,,True,,,,appropriate_refusal
4_governed_ai_prep,holdout_oos,2,oos-holdout-08,False,,,True,,,,appropriate_refusal
4_governed_ai_prep,holdout_oos,3,oos-holdout-08,False,,,True,,,,appropriate_refusal
